2026-05-01 13:12:57,038 - INFO - Running in WATCHLIST mode.
2026-05-01 13:12:58,223 - INFO - FETCHING 1minute | NSE_EQ|INE030A01027 | 2026-04-15 to 2026-05-01
2026-05-01 13:15:33,014 - INFO - SUCCESS: Upserted 4500 rows for NSE_EQ|INE030A01027
2026-05-01 13:15:33,768 - INFO - FETCHING day | NSE_EQ|INE030A01027 | 2026-04-15 to 2026-05-01
2026-05-01 13:15:34,290 - INFO - SUCCESS: Upserted 12 rows for NSE_EQ|INE030A01027
2026-05-01 13:15:35,000 - INFO - FETCHING 1minute | NSE_EQ|INE040A01034 | 2026-04-15 to 2026-05-01
2026-05-01 13:17:53,256 - INFO - SUCCESS: Upserted 4500 rows for NSE_EQ|INE040A01034
2026-05-01 13:17:53,983 - INFO - FETCHING day | NSE_EQ|INE040A01034 | 2026-04-15 to 2026-05-01
2026-05-01 13:17:54,447 - INFO - SUCCESS: Upserted 12 rows for NSE_EQ|INE040A01034
2026-05-01 13:17:55,162 - INFO - FETCHING 1minute | NSE_EQ|INE209L01016 | 2026-04-15 to 2026-05-01
2026-05-01 13:20:16,149 - INFO - SUCCESS: Upserted 4500 rows for NSE_EQ|INE209L01016
2026-05-01 13:20:17,186 - INFO - FETCHING day | NSE_EQ|INE209L01016 | 2026-04-15 to 2026-05-01
2026-05-01 13:20:17,717 - INFO - SUCCESS: Upserted 12 rows for NSE_EQ|INE209L01016
2026-05-01 13:20:18,425 - INFO - FETCHING 1minute | NSE_EQ|INE040H01021 | 2026-04-15 to 2026-05-01
2026-05-01 13:22:35,746 - INFO - SUCCESS: Upserted 4500 rows for NSE_EQ|INE040H01021
2026-05-01 13:22:36,494 - INFO - FETCHING day | NSE_EQ|INE040H01021 | 2026-04-15 to 2026-05-01
2026-05-01 13:22:37,004 - INFO - SUCCESS: Upserted 12 rows for NSE_EQ|INE040H01021
2026-05-01 13:22:37,972 - INFO - FETCHING 1minute | NSE_EQ|INE423A01024 | 2026-04-15 to 2026-05-01
2026-05-01 13:25:02,492 - INFO - SUCCESS: Upserted 4500 rows for NSE_EQ|INE423A01024
2026-05-01 13:25:03,217 - INFO - FETCHING day | NSE_EQ|INE423A01024 | 2026-04-15 to 2026-05-01
2026-05-01 13:25:03,726 - INFO - SUCCESS: Upserted 12 rows for NSE_EQ|INE423A01024
2026-05-01 13:25:04,486 - INFO - FETCHING 1minute | BSE_EQ|INE044A01036 | 2026-04-15 to 2026-05-01
2026-05-01 13:27:29,850 - INFO - SUCCESS: Upserted 4500 rows for BSE_EQ|INE044A01036
2026-05-01 13:27:30,587 - INFO - FETCHING day | BSE_EQ|INE044A01036 | 2026-04-15 to 2026-05-01
2026-05-01 13:27:31,076 - INFO - SUCCESS: Upserted 12 rows for BSE_EQ|INE044A01036
2026-05-01 13:27:31,804 - INFO - FETCHING 1minute | NSE_EQ|INE202E01016 | 2026-04-15 to 2026-05-01
2026-05-01 13:29:48,379 - INFO - SUCCESS: Upserted 4500 rows for NSE_EQ|INE202E01016
2026-05-01 13:29:49,092 - INFO - FETCHING day | NSE_EQ|INE202E01016 | 2026-04-15 to 2026-05-01
2026-05-01 13:29:49,587 - INFO - SUCCESS: Upserted 12 rows for NSE_EQ|INE202E01016
2026-05-01 13:29:50,327 - INFO - FETCHING 1minute | BSE_EQ|INE238A01034 | 2026-04-15 to 2026-05-01
2026-05-01 13:32:06,615 - INFO - SUCCESS: Upserted 4500 rows for BSE_EQ|INE238A01034
2026-05-01 13:32:07,361 - INFO - FETCHING day | BSE_EQ|INE238A01034 | 2026-04-15 to 2026-05-01
2026-05-01 13:32:07,899 - INFO - SUCCESS: Upserted 12 rows for BSE_EQ|INE238A01034
2026-05-01 13:32:08,641 - INFO - FETCHING 1minute | BSE_EQ|INE090A01021 | 2026-04-15 to 2026-05-01
2026-05-01 13:34:28,464 - INFO - SUCCESS: Upserted 4500 rows for BSE_EQ|INE090A01021
2026-05-01 13:34:29,191 - INFO - FETCHING day | BSE_EQ|INE090A01021 | 2026-04-15 to 2026-05-01
2026-05-01 13:34:29,727 - INFO - SUCCESS: Upserted 12 rows for BSE_EQ|INE090A01021
2026-05-01 13:34:30,447 - INFO - FETCHING 1minute | NSE_EQ|INE154A01025 | 2026-04-15 to 2026-05-01
2026-05-01 13:38:20,191 - INFO - SUCCESS: Upserted 4500 rows for NSE_EQ|INE154A01025
2026-05-01 13:38:20,899 - INFO - FETCHING day | NSE_EQ|INE154A01025 | 2026-04-15 to 2026-05-01
2026-05-01 13:38:20,939 - WARNING - Retrying (Retry(total=2, connect=None, read=None, redirect=None, status=None)) after connection broken by 'RemoteDisconnected('Remote end closed connection without response')': /v2/historical-candle/NSE_EQ%7CINE154A01025/day/2026-05-01/2026-04-15
2026-05-01 13:38:22,022 - INFO - SUCCESS: Upserted 12 rows for NSE_EQ|INE154A01025
2026-05-01 13:38:22,746 - INFO - FETCHING 1minute | NSE_EQ|INE455K01017 | 2026-04-15 to 2026-05-01
2026-05-01 13:40:28,156 - INFO - SUCCESS: Upserted 4500 rows for NSE_EQ|INE455K01017
2026-05-01 13:40:28,909 - INFO - FETCHING day | NSE_EQ|INE455K01017 | 2026-04-15 to 2026-05-01
2026-05-01 13:40:29,326 - INFO - SUCCESS: Upserted 12 rows for NSE_EQ|INE455K01017
2026-05-01 13:40:30,034 - INFO - FETCHING 1minute | NSE_EQ|INE090A01021 | 2026-04-15 to 2026-05-01
2026-05-01 13:42:34,775 - INFO - SUCCESS: Upserted 4500 rows for NSE_EQ|INE090A01021
2026-05-01 13:42:35,527 - INFO - FETCHING day | NSE_EQ|INE090A01021 | 2026-04-15 to 2026-05-01
2026-05-01 13:42:36,101 - INFO - SUCCESS: Upserted 12 rows for NSE_EQ|INE090A01021
2026-05-01 13:42:36,853 - INFO - FETCHING 1minute | NSE_EQ|INE018A01030 | 2026-04-15 to 2026-05-01
2026-05-01 13:44:49,721 - INFO - SUCCESS: Upserted 4500 rows for NSE_EQ|INE018A01030
2026-05-01 13:44:50,485 - INFO - FETCHING day | NSE_EQ|INE018A01030 | 2026-04-15 to 2026-05-01
2026-05-01 13:44:50,911 - INFO - SUCCESS: Upserted 12 rows for NSE_EQ|INE018A01030
2026-05-01 13:44:51,623 - INFO - FETCHING 1minute | BSE_EQ|INE018A01030 | 2026-04-15 to 2026-05-01
2026-05-01 13:47:06,290 - INFO - SUCCESS: Upserted 4500 rows for BSE_EQ|INE018A01030
2026-05-01 13:47:07,020 - INFO - FETCHING day | BSE_EQ|INE018A01030 | 2026-04-15 to 2026-05-01
2026-05-01 13:47:07,447 - INFO - SUCCESS: Upserted 12 rows for BSE_EQ|INE018A01030
2026-05-01 13:47:08,152 - INFO - FETCHING 1minute | BSE_EQ|INE154A01025 | 2026-04-15 to 2026-05-01
2026-05-01 13:49:09,193 - INFO - SUCCESS: Upserted 4500 rows for BSE_EQ|INE154A01025
2026-05-01 13:49:09,910 - INFO - FETCHING day | BSE_EQ|INE154A01025 | 2026-04-15 to 2026-05-01
2026-05-01 13:49:10,327 - INFO - SUCCESS: Upserted 12 rows for BSE_EQ|INE154A01025
2026-05-01 13:49:11,059 - INFO - FETCHING 1minute | BSE_EQ|INE455K01017 | 2026-04-15 to 2026-05-01
2026-05-01 13:51:17,488 - INFO - SUCCESS: Upserted 4500 rows for BSE_EQ|INE455K01017
2026-05-01 13:51:18,192 - INFO - FETCHING day | BSE_EQ|INE455K01017 | 2026-04-15 to 2026-05-01
2026-05-01 13:51:18,572 - INFO - SUCCESS: Upserted 12 rows for BSE_EQ|INE455K01017
2026-05-01 13:51:19,288 - INFO - FETCHING 1minute | BSE_EQ|INE009A01021 | 2026-04-15 to 2026-05-01
2026-05-01 13:53:28,167 - INFO - SUCCESS: Upserted 4500 rows for BSE_EQ|INE009A01021
2026-05-01 13:53:28,889 - INFO - FETCHING day | BSE_EQ|INE009A01021 | 2026-04-15 to 2026-05-01
2026-05-01 13:53:29,314 - INFO - SUCCESS: Upserted 12 rows for BSE_EQ|INE009A01021
2026-05-01 13:53:30,034 - INFO - FETCHING 1minute | BSE_EQ|INE040A01034 | 2026-04-15 to 2026-05-01
2026-05-01 13:55:34,718 - INFO - SUCCESS: Upserted 4500 rows for BSE_EQ|INE040A01034
2026-05-01 13:55:35,448 - INFO - FETCHING day | BSE_EQ|INE040A01034 | 2026-04-15 to 2026-05-01
2026-05-01 13:55:35,866 - INFO - SUCCESS: Upserted 12 rows for BSE_EQ|INE040A01034
2026-05-01 13:55:36,583 - INFO - FETCHING 1minute | NSE_EQ|INE062A01020 | 2026-04-15 to 2026-05-01
2026-05-01 13:59:22,588 - INFO - SUCCESS: Upserted 4500 rows for NSE_EQ|INE062A01020
2026-05-01 13:59:23,963 - INFO - FETCHING day | NSE_EQ|INE062A01020 | 2026-04-15 to 2026-05-01
2026-05-01 13:59:24,782 - INFO - SUCCESS: Upserted 12 rows for NSE_EQ|INE062A01020
2026-05-01 13:59:25,787 - INFO - FETCHING 1minute | BSE_EQ|INE202E01016 | 2026-04-15 to 2026-05-01
2026-05-01 14:01:26,349 - INFO - SUCCESS: Upserted 4500 rows for BSE_EQ|INE202E01016
2026-05-01 14:01:27,058 - INFO - FETCHING day | BSE_EQ|INE202E01016 | 2026-04-15 to 2026-05-01
2026-05-01 14:01:27,470 - INFO - SUCCESS: Upserted 12 rows for BSE_EQ|INE202E01016
2026-05-01 14:01:28,161 - INFO - FETCHING 1minute | NSE_EQ|INE009A01021 | 2026-04-15 to 2026-05-01
2026-05-01 14:03:35,216 - INFO - SUCCESS: Upserted 4500 rows for NSE_EQ|INE009A01021
2026-05-01 14:03:35,934 - INFO - FETCHING day | NSE_EQ|INE009A01021 | 2026-04-15 to 2026-05-01
2026-05-01 14:03:36,338 - INFO - SUCCESS: Upserted 12 rows for NSE_EQ|INE009A01021
2026-05-01 14:03:37,032 - INFO - FETCHING 1minute | NSE_EQ|INE002A01018 | 2026-04-15 to 2026-05-01
2026-05-01 14:05:37,007 - INFO - SUCCESS: Upserted 4500 rows for NSE_EQ|INE002A01018
2026-05-01 14:05:37,708 - INFO - FETCHING day | NSE_EQ|INE002A01018 | 2026-04-15 to 2026-05-01
2026-05-01 14:05:38,178 - INFO - SUCCESS: Upserted 12 rows for NSE_EQ|INE002A01018
2026-05-01 14:05:38,876 - INFO - FETCHING 1minute | NSE_EQ|INE467B01029 | 2026-04-15 to 2026-05-01
2026-05-01 14:07:31,246 - INFO - SUCCESS: Upserted 4500 rows for NSE_EQ|INE467B01029
2026-05-01 14:07:31,961 - INFO - FETCHING day | NSE_EQ|INE467B01029 | 2026-04-15 to 2026-05-01
2026-05-01 14:07:32,783 - INFO - SUCCESS: Upserted 12 rows for NSE_EQ|INE467B01029
2026-05-01 14:07:33,500 - INFO - FETCHING 1minute | BSE_EQ|INE467B01029 | 2026-04-15 to 2026-05-01
2026-05-01 14:09:31,109 - INFO - SUCCESS: Upserted 4500 rows for BSE_EQ|INE467B01029
2026-05-01 14:09:31,814 - INFO - FETCHING day | BSE_EQ|INE467B01029 | 2026-04-15 to 2026-05-01
2026-05-01 14:09:32,215 - INFO - SUCCESS: Upserted 12 rows for BSE_EQ|INE467B01029
2026-05-01 14:09:32,903 - INFO - FETCHING 1minute | NSE_EQ|INE397D01024 | 2026-04-15 to 2026-05-01
2026-05-01 14:11:38,473 - INFO - SUCCESS: Upserted 4500 rows for NSE_EQ|INE397D01024
2026-05-01 14:11:39,177 - INFO - FETCHING day | NSE_EQ|INE397D01024 | 2026-04-15 to 2026-05-01
2026-05-01 14:11:39,586 - INFO - SUCCESS: Upserted 12 rows for NSE_EQ|INE397D01024
2026-05-01 14:11:40,329 - INFO - FETCHING 1minute | BSE_EQ|INE397D01024 | 2026-04-15 to 2026-05-01
2026-05-01 14:14:37,473 - INFO - SUCCESS: Upserted 4500 rows for BSE_EQ|INE397D01024
2026-05-01 14:14:38,179 - INFO - FETCHING day | BSE_EQ|INE397D01024 | 2026-04-15 to 2026-05-01
2026-05-01 14:14:38,596 - INFO - SUCCESS: Upserted 12 rows for BSE_EQ|INE397D01024
2026-05-01 14:14:39,313 - INFO - FETCHING 1minute | NSE_EQ|INE238A01034 | 2026-04-15 to 2026-05-01
2026-05-01 14:16:44,287 - INFO - SUCCESS: Upserted 4500 rows for NSE_EQ|INE238A01034
2026-05-01 14:16:45,028 - INFO - FETCHING day | NSE_EQ|INE238A01034 | 2026-04-15 to 2026-05-01
2026-05-01 14:16:45,701 - INFO - SUCCESS: Upserted 12 rows for NSE_EQ|INE238A01034
2026-05-01 14:16:46,399 - INFO - FETCHING 1minute | NSE_EQ|INE044A01036 | 2026-04-15 to 2026-05-01
2026-05-01 14:18:48,259 - INFO - SUCCESS: Upserted 4500 rows for NSE_EQ|INE044A01036
2026-05-01 14:18:48,967 - INFO - FETCHING day | NSE_EQ|INE044A01036 | 2026-04-15 to 2026-05-01
2026-05-01 14:18:49,528 - INFO - SUCCESS: Upserted 12 rows for NSE_EQ|INE044A01036
2026-05-01 14:18:50,482 - INFO - FETCHING 1minute | BSE_EQ|INE423A01024 | 2026-04-15 to 2026-05-01
2026-05-01 14:21:21,228 - INFO - SUCCESS: Upserted 4500 rows for BSE_EQ|INE423A01024
2026-05-01 14:21:21,940 - INFO - FETCHING day | BSE_EQ|INE423A01024 | 2026-04-15 to 2026-05-01
2026-05-01 14:21:22,349 - INFO - SUCCESS: Upserted 12 rows for BSE_EQ|INE423A01024
2026-05-01 14:21:23,050 - INFO - FETCHING 1minute | BSE_EQ|INE040H01021 | 2026-04-15 to 2026-05-01
2026-05-01 14:23:30,278 - INFO - SUCCESS: Upserted 4500 rows for BSE_EQ|INE040H01021
2026-05-01 14:23:30,989 - INFO - FETCHING day | BSE_EQ|INE040H01021 | 2026-04-15 to 2026-05-01
2026-05-01 14:23:31,398 - INFO - SUCCESS: Upserted 12 rows for BSE_EQ|INE040H01021
2026-05-01 14:23:32,106 - INFO - FETCHING 1minute | BSE_EQ|INE209L01016 | 2026-04-15 to 2026-05-01
2026-05-01 14:25:40,520 - INFO - SUCCESS: Upserted 4500 rows for BSE_EQ|INE209L01016
2026-05-01 14:25:41,250 - INFO - FETCHING day | BSE_EQ|INE209L01016 | 2026-04-15 to 2026-05-01
2026-05-01 14:25:41,679 - INFO - SUCCESS: Upserted 12 rows for BSE_EQ|INE209L01016
2026-05-01 14:25:42,374 - INFO - FETCHING 1minute | NSE_EQ|INE031A01017 | 2026-04-15 to 2026-05-01
2026-05-01 14:27:47,828 - INFO - SUCCESS: Upserted 4500 rows for NSE_EQ|INE031A01017
2026-05-01 14:27:48,532 - INFO - FETCHING day | NSE_EQ|INE031A01017 | 2026-04-15 to 2026-05-01
2026-05-01 14:27:48,962 - INFO - SUCCESS: Upserted 12 rows for NSE_EQ|INE031A01017
2026-05-01 14:27:49,682 - INFO - FETCHING 1minute | BSE_EQ|INE030A01027 | 2026-04-15 to 2026-05-01
2026-05-01 14:30:11,721 - INFO - SUCCESS: Upserted 4500 rows for BSE_EQ|INE030A01027
2026-05-01 14:30:12,466 - INFO - FETCHING day | BSE_EQ|INE030A01027 | 2026-04-15 to 2026-05-01
2026-05-01 14:30:12,888 - INFO - SUCCESS: Upserted 12 rows for BSE_EQ|INE030A01027
2026-05-01 14:30:13,608 - INFO - FETCHING 1minute | NSE_EQ|INE415G01027 | 2026-04-15 to 2026-05-01
2026-05-01 14:32:45,176 - INFO - SUCCESS: Upserted 4500 rows for NSE_EQ|INE415G01027
2026-05-01 14:32:45,962 - INFO - FETCHING day | NSE_EQ|INE415G01027 | 2026-04-15 to 2026-05-01
2026-05-01 14:32:46,544 - INFO - SUCCESS: Upserted 12 rows for NSE_EQ|INE415G01027
2026-05-01 14:32:47,294 - INFO - FETCHING 1minute | BSE_EQ|INE415G01027 | 2026-04-15 to 2026-05-01
2026-05-01 14:36:58,905 - INFO - SUCCESS: Upserted 4500 rows for BSE_EQ|INE415G01027
2026-05-01 14:36:59,624 - INFO - FETCHING day | BSE_EQ|INE415G01027 | 2026-04-15 to 2026-05-01
2026-05-01 14:37:00,041 - INFO - SUCCESS: Upserted 12 rows for BSE_EQ|INE415G01027
2026-05-01 14:37:00,761 - INFO - FETCHING 1minute | BSE_EQ|INE062A01020 | 2026-04-15 to 2026-05-01
2026-05-01 14:39:12,297 - INFO - SUCCESS: Upserted 4500 rows for BSE_EQ|INE062A01020
2026-05-01 14:39:13,032 - INFO - FETCHING day | BSE_EQ|INE062A01020 | 2026-04-15 to 2026-05-01
2026-05-01 14:39:13,450 - INFO - SUCCESS: Upserted 12 rows for BSE_EQ|INE062A01020
2026-05-01 14:39:14,173 - INFO - FETCHING 1minute | BSE_EQ|INE002A01018 | 2026-04-15 to 2026-05-01
2026-05-01 14:41:25,877 - INFO - SUCCESS: Upserted 4500 rows for BSE_EQ|INE002A01018
2026-05-01 14:41:26,604 - INFO - FETCHING day | BSE_EQ|INE002A01018 | 2026-04-15 to 2026-05-01
2026-05-01 14:41:27,037 - INFO - SUCCESS: Upserted 12 rows for BSE_EQ|INE002A01018
2026-05-01 14:41:27,739 - INFO - FETCHING 1minute | BSE_EQ|INE031A01017 | 2026-04-15 to 2026-05-01
2026-05-01 14:44:45,304 - INFO - SUCCESS: Upserted 4500 rows for BSE_EQ|INE031A01017
2026-05-01 14:44:46,019 - INFO - FETCHING day | BSE_EQ|INE031A01017 | 2026-04-15 to 2026-05-01
2026-05-01 14:44:46,760 - INFO - SUCCESS: Upserted 12 rows for BSE_EQ|INE031A01017
2026-05-11 15:58:03,867 - INFO - Running in WATCHLIST mode.
2026-05-11 15:58:04,940 - INFO - FETCHING 1minute | BSE_EQ|INE090A01021 | 2026-04-27 to 2026-05-11
2026-05-11 15:59:57,822 - INFO - SUCCESS: Upserted 3375 rows for BSE_EQ|INE090A01021
2026-05-11 15:59:58,583 - INFO - FETCHING day | BSE_EQ|INE090A01021 | 2026-04-27 to 2026-05-11
2026-05-11 15:59:59,020 - INFO - SUCCESS: Upserted 9 rows for BSE_EQ|INE090A01021
2026-05-11 15:59:59,823 - INFO - FETCHING 1minute | NSE_EQ|INE040H01021 | 2026-04-27 to 2026-05-11
2026-05-11 16:01:52,440 - INFO - SUCCESS: Upserted 3375 rows for NSE_EQ|INE040H01021
2026-05-11 16:01:53,168 - INFO - FETCHING day | NSE_EQ|INE040H01021 | 2026-04-27 to 2026-05-11
2026-05-11 16:01:53,560 - INFO - SUCCESS: Upserted 9 rows for NSE_EQ|INE040H01021
2026-05-11 16:01:54,282 - INFO - FETCHING 1minute | NSE_EQ|INE467B01029 | 2026-04-27 to 2026-05-11
2026-05-11 16:03:41,220 - INFO - SUCCESS: Upserted 3375 rows for NSE_EQ|INE467B01029
2026-05-11 16:03:41,999 - INFO - FETCHING day | NSE_EQ|INE467B01029 | 2026-04-27 to 2026-05-11
2026-05-11 16:03:42,394 - INFO - SUCCESS: Upserted 9 rows for NSE_EQ|INE467B01029
2026-05-11 16:03:43,133 - INFO - FETCHING 1minute | BSE_EQ|INE467B01029 | 2026-04-27 to 2026-05-11
2026-05-11 16:05:38,357 - INFO - SUCCESS: Upserted 3375 rows for BSE_EQ|INE467B01029
2026-05-11 16:05:39,134 - INFO - FETCHING day | BSE_EQ|INE467B01029 | 2026-04-27 to 2026-05-11
2026-05-11 16:05:39,655 - INFO - SUCCESS: Upserted 9 rows for BSE_EQ|INE467B01029
2026-05-11 16:05:40,387 - INFO - FETCHING 1minute | NSE_EQ|INE209L01016 | 2026-04-27 to 2026-05-11
2026-05-11 16:07:32,706 - INFO - SUCCESS: Upserted 3375 rows for NSE_EQ|INE209L01016
2026-05-11 16:07:33,452 - INFO - FETCHING day | NSE_EQ|INE209L01016 | 2026-04-27 to 2026-05-11
2026-05-11 16:07:33,889 - INFO - SUCCESS: Upserted 9 rows for NSE_EQ|INE209L01016
2026-05-11 16:07:34,626 - INFO - FETCHING 1minute | NSE_EQ|INE238A01034 | 2026-04-27 to 2026-05-11
2026-05-11 16:09:28,095 - INFO - SUCCESS: Upserted 3375 rows for NSE_EQ|INE238A01034
2026-05-11 16:09:28,856 - INFO - FETCHING day | NSE_EQ|INE238A01034 | 2026-04-27 to 2026-05-11
2026-05-11 16:09:29,279 - INFO - SUCCESS: Upserted 9 rows for NSE_EQ|INE238A01034
2026-05-11 16:09:30,012 - INFO - FETCHING 1minute | NSE_EQ|INE044A01036 | 2026-04-27 to 2026-05-11
2026-05-11 16:11:22,539 - INFO - SUCCESS: Upserted 3375 rows for NSE_EQ|INE044A01036
2026-05-11 16:11:23,297 - INFO - FETCHING day | NSE_EQ|INE044A01036 | 2026-04-27 to 2026-05-11
2026-05-11 16:11:23,806 - INFO - SUCCESS: Upserted 9 rows for NSE_EQ|INE044A01036
2026-05-11 16:11:24,563 - INFO - FETCHING 1minute | BSE_EQ|INE423A01024 | 2026-04-27 to 2026-05-11
2026-05-11 16:13:18,343 - INFO - SUCCESS: Upserted 3375 rows for BSE_EQ|INE423A01024
2026-05-11 16:13:19,084 - INFO - FETCHING day | BSE_EQ|INE423A01024 | 2026-04-27 to 2026-05-11
2026-05-11 16:13:19,572 - INFO - SUCCESS: Upserted 9 rows for BSE_EQ|INE423A01024
2026-05-11 16:13:20,296 - INFO - FETCHING 1minute | NSE_EQ|INE040A01034 | 2026-04-27 to 2026-05-11
2026-05-11 16:15:29,175 - INFO - SUCCESS: Upserted 3375 rows for NSE_EQ|INE040A01034
2026-05-11 16:15:30,208 - INFO - FETCHING day | NSE_EQ|INE040A01034 | 2026-04-27 to 2026-05-11
2026-05-11 16:15:30,896 - INFO - SUCCESS: Upserted 9 rows for NSE_EQ|INE040A01034
2026-05-11 16:15:31,648 - INFO - FETCHING 1minute | BSE_EQ|INE040H01021 | 2026-04-27 to 2026-05-11
2026-05-11 16:17:46,235 - INFO - SUCCESS: Upserted 3375 rows for BSE_EQ|INE040H01021
2026-05-11 16:17:47,152 - INFO - FETCHING day | BSE_EQ|INE040H01021 | 2026-04-27 to 2026-05-11
2026-05-11 16:17:47,720 - INFO - SUCCESS: Upserted 9 rows for BSE_EQ|INE040H01021
2026-05-11 16:17:48,518 - INFO - FETCHING 1minute | BSE_EQ|INE018A01030 | 2026-04-27 to 2026-05-11
2026-05-11 16:20:01,962 - INFO - SUCCESS: Upserted 3375 rows for BSE_EQ|INE018A01030
2026-05-11 16:20:03,196 - INFO - FETCHING day | BSE_EQ|INE018A01030 | 2026-04-27 to 2026-05-11
2026-05-11 16:20:03,771 - INFO - SUCCESS: Upserted 9 rows for BSE_EQ|INE018A01030
2026-05-11 16:20:04,534 - INFO - FETCHING 1minute | NSE_EQ|INE423A01024 | 2026-04-27 to 2026-05-11
2026-05-11 16:22:16,097 - INFO - SUCCESS: Upserted 3375 rows for NSE_EQ|INE423A01024
2026-05-11 16:22:17,024 - INFO - FETCHING day | NSE_EQ|INE423A01024 | 2026-04-27 to 2026-05-11
2026-05-11 16:22:17,515 - INFO - SUCCESS: Upserted 9 rows for NSE_EQ|INE423A01024
2026-05-11 16:22:18,288 - INFO - FETCHING 1minute | BSE_EQ|INE154A01025 | 2026-04-27 to 2026-05-11
2026-05-11 16:24:21,228 - INFO - SUCCESS: Upserted 3375 rows for BSE_EQ|INE154A01025
2026-05-11 16:24:22,074 - INFO - FETCHING day | BSE_EQ|INE154A01025 | 2026-04-27 to 2026-05-11
2026-05-11 16:24:22,500 - INFO - SUCCESS: Upserted 9 rows for BSE_EQ|INE154A01025
2026-05-11 16:24:23,303 - INFO - FETCHING 1minute | NSE_EQ|INE090A01021 | 2026-04-27 to 2026-05-11
2026-05-11 16:26:22,957 - INFO - SUCCESS: Upserted 3375 rows for NSE_EQ|INE090A01021
2026-05-11 16:26:23,754 - INFO - FETCHING day | NSE_EQ|INE090A01021 | 2026-04-27 to 2026-05-11
2026-05-11 16:26:24,219 - INFO - SUCCESS: Upserted 9 rows for NSE_EQ|INE090A01021
2026-05-11 16:26:24,953 - INFO - FETCHING 1minute | BSE_EQ|INE455K01017 | 2026-04-27 to 2026-05-11
2026-05-11 16:28:12,345 - INFO - SUCCESS: Upserted 3375 rows for BSE_EQ|INE455K01017
2026-05-11 16:28:13,072 - INFO - FETCHING day | BSE_EQ|INE455K01017 | 2026-04-27 to 2026-05-11
2026-05-11 16:28:13,458 - INFO - SUCCESS: Upserted 9 rows for BSE_EQ|INE455K01017
2026-05-11 16:28:14,176 - INFO - FETCHING 1minute | NSE_EQ|INE018A01030 | 2026-04-27 to 2026-05-11
2026-05-11 16:30:04,367 - INFO - SUCCESS: Upserted 3375 rows for NSE_EQ|INE018A01030
2026-05-11 16:30:05,200 - INFO - FETCHING day | NSE_EQ|INE018A01030 | 2026-04-27 to 2026-05-11
2026-05-11 16:30:05,689 - INFO - SUCCESS: Upserted 9 rows for NSE_EQ|INE018A01030
2026-05-11 16:30:06,469 - INFO - FETCHING 1minute | NSE_EQ|INE062A01020 | 2026-04-27 to 2026-05-11
2026-05-11 16:31:59,930 - INFO - SUCCESS: Upserted 3375 rows for NSE_EQ|INE062A01020
2026-05-11 16:32:00,667 - INFO - FETCHING day | NSE_EQ|INE062A01020 | 2026-04-27 to 2026-05-11
2026-05-11 16:32:01,097 - INFO - SUCCESS: Upserted 9 rows for NSE_EQ|INE062A01020
2026-05-11 16:32:01,851 - INFO - FETCHING 1minute | BSE_EQ|INE202E01016 | 2026-04-27 to 2026-05-11
2026-05-11 16:33:56,109 - INFO - SUCCESS: Upserted 3375 rows for BSE_EQ|INE202E01016
2026-05-11 16:33:57,097 - INFO - FETCHING day | BSE_EQ|INE202E01016 | 2026-04-27 to 2026-05-11
2026-05-11 16:33:57,518 - INFO - SUCCESS: Upserted 9 rows for BSE_EQ|INE202E01016
2026-05-11 16:33:58,248 - INFO - FETCHING 1minute | BSE_EQ|INE002A01018 | 2026-04-27 to 2026-05-11
2026-05-11 16:35:49,524 - INFO - SUCCESS: Upserted 3375 rows for BSE_EQ|INE002A01018
2026-05-11 16:35:50,257 - INFO - FETCHING day | BSE_EQ|INE002A01018 | 2026-04-27 to 2026-05-11
2026-05-11 16:35:50,671 - INFO - SUCCESS: Upserted 9 rows for BSE_EQ|INE002A01018
2026-05-11 16:35:51,420 - INFO - FETCHING 1minute | NSE_EQ|INE202E01016 | 2026-04-27 to 2026-05-11
2026-05-11 16:37:50,778 - INFO - SUCCESS: Upserted 3375 rows for NSE_EQ|INE202E01016
2026-05-11 16:37:51,531 - INFO - FETCHING day | NSE_EQ|INE202E01016 | 2026-04-27 to 2026-05-11
2026-05-11 16:37:51,959 - INFO - SUCCESS: Upserted 9 rows for NSE_EQ|INE202E01016
2026-05-11 16:37:52,748 - INFO - FETCHING 1minute | BSE_EQ|INE009A01021 | 2026-04-27 to 2026-05-11
2026-05-11 16:39:47,706 - INFO - SUCCESS: Upserted 3375 rows for BSE_EQ|INE009A01021
2026-05-11 16:39:48,480 - INFO - FETCHING day | BSE_EQ|INE009A01021 | 2026-04-27 to 2026-05-11
2026-05-11 16:39:48,893 - INFO - SUCCESS: Upserted 9 rows for BSE_EQ|INE009A01021
2026-05-11 16:39:49,681 - INFO - FETCHING 1minute | NSE_EQ|INE030A01027 | 2026-04-27 to 2026-05-11
2026-05-11 16:41:51,802 - INFO - SUCCESS: Upserted 3375 rows for NSE_EQ|INE030A01027
2026-05-11 16:41:52,593 - INFO - FETCHING day | NSE_EQ|INE030A01027 | 2026-04-27 to 2026-05-11
2026-05-11 16:41:53,022 - INFO - SUCCESS: Upserted 9 rows for NSE_EQ|INE030A01027
2026-05-11 16:41:53,773 - INFO - FETCHING 1minute | BSE_EQ|INE044A01036 | 2026-04-27 to 2026-05-11
2026-05-11 16:43:51,687 - INFO - SUCCESS: Upserted 3375 rows for BSE_EQ|INE044A01036
2026-05-11 16:43:52,428 - INFO - FETCHING day | BSE_EQ|INE044A01036 | 2026-04-27 to 2026-05-11
2026-05-11 16:43:52,852 - INFO - SUCCESS: Upserted 9 rows for BSE_EQ|INE044A01036
2026-05-11 16:43:53,584 - INFO - FETCHING 1minute | NSE_EQ|INE009A01021 | 2026-04-27 to 2026-05-11
2026-05-11 16:45:49,338 - INFO - SUCCESS: Upserted 3375 rows for NSE_EQ|INE009A01021
2026-05-11 16:45:50,086 - INFO - FETCHING day | NSE_EQ|INE009A01021 | 2026-04-27 to 2026-05-11
2026-05-11 16:45:50,507 - INFO - SUCCESS: Upserted 9 rows for NSE_EQ|INE009A01021
2026-05-11 16:45:51,257 - INFO - FETCHING 1minute | BSE_EQ|INE238A01034 | 2026-04-27 to 2026-05-11
2026-05-11 16:47:45,455 - INFO - SUCCESS: Upserted 3375 rows for BSE_EQ|INE238A01034
2026-05-11 16:47:46,212 - INFO - FETCHING day | BSE_EQ|INE238A01034 | 2026-04-27 to 2026-05-11
2026-05-11 16:47:46,646 - INFO - SUCCESS: Upserted 9 rows for BSE_EQ|INE238A01034
2026-05-11 16:47:47,631 - INFO - FETCHING 1minute | NSE_EQ|INE397D01024 | 2026-04-27 to 2026-05-11
2026-05-11 16:49:40,174 - INFO - SUCCESS: Upserted 3375 rows for NSE_EQ|INE397D01024
2026-05-11 16:49:41,019 - INFO - FETCHING day | NSE_EQ|INE397D01024 | 2026-04-27 to 2026-05-11
2026-05-11 16:49:41,419 - INFO - SUCCESS: Upserted 9 rows for NSE_EQ|INE397D01024
2026-05-11 16:49:42,173 - INFO - FETCHING 1minute | BSE_EQ|INE209L01016 | 2026-04-27 to 2026-05-11
2026-05-11 16:51:34,316 - INFO - SUCCESS: Upserted 3375 rows for BSE_EQ|INE209L01016
2026-05-11 16:51:35,054 - INFO - FETCHING day | BSE_EQ|INE209L01016 | 2026-04-27 to 2026-05-11
2026-05-11 16:51:35,450 - INFO - SUCCESS: Upserted 9 rows for BSE_EQ|INE209L01016
2026-05-11 16:51:36,199 - INFO - FETCHING 1minute | NSE_EQ|INE031A01017 | 2026-04-27 to 2026-05-11
2026-05-11 16:53:31,190 - INFO - SUCCESS: Upserted 3375 rows for NSE_EQ|INE031A01017
2026-05-11 16:53:31,978 - INFO - FETCHING day | NSE_EQ|INE031A01017 | 2026-04-27 to 2026-05-11
2026-05-11 16:53:32,473 - INFO - SUCCESS: Upserted 9 rows for NSE_EQ|INE031A01017
2026-05-11 16:53:33,260 - INFO - FETCHING 1minute | BSE_EQ|INE415G01027 | 2026-04-27 to 2026-05-11
2026-05-11 16:55:29,496 - INFO - SUCCESS: Upserted 3375 rows for BSE_EQ|INE415G01027
2026-05-11 16:55:30,242 - INFO - FETCHING day | BSE_EQ|INE415G01027 | 2026-04-27 to 2026-05-11
2026-05-11 16:55:30,683 - INFO - SUCCESS: Upserted 9 rows for BSE_EQ|INE415G01027
2026-05-11 16:55:31,455 - INFO - FETCHING 1minute | BSE_EQ|INE040A01034 | 2026-04-27 to 2026-05-11
2026-05-11 16:57:32,122 - INFO - SUCCESS: Upserted 3375 rows for BSE_EQ|INE040A01034
2026-05-11 16:57:32,873 - INFO - FETCHING day | BSE_EQ|INE040A01034 | 2026-04-27 to 2026-05-11
2026-05-11 16:57:33,265 - INFO - SUCCESS: Upserted 9 rows for BSE_EQ|INE040A01034
2026-05-11 16:57:34,009 - INFO - FETCHING 1minute | BSE_EQ|INE030A01027 | 2026-04-27 to 2026-05-11
2026-05-11 16:59:26,265 - INFO - SUCCESS: Upserted 3375 rows for BSE_EQ|INE030A01027
2026-05-11 16:59:26,999 - INFO - FETCHING day | BSE_EQ|INE030A01027 | 2026-04-27 to 2026-05-11
2026-05-11 16:59:27,392 - INFO - SUCCESS: Upserted 9 rows for BSE_EQ|INE030A01027
2026-05-11 16:59:28,150 - INFO - FETCHING 1minute | NSE_EQ|INE415G01027 | 2026-04-27 to 2026-05-11
2026-05-11 17:01:24,653 - INFO - SUCCESS: Upserted 3375 rows for NSE_EQ|INE415G01027
2026-05-11 17:01:25,389 - INFO - FETCHING day | NSE_EQ|INE415G01027 | 2026-04-27 to 2026-05-11
2026-05-11 17:01:25,803 - INFO - SUCCESS: Upserted 9 rows for NSE_EQ|INE415G01027
2026-05-11 17:01:26,528 - INFO - FETCHING 1minute | BSE_EQ|INE062A01020 | 2026-04-27 to 2026-05-11
2026-05-11 17:03:44,514 - INFO - SUCCESS: Upserted 3375 rows for BSE_EQ|INE062A01020
2026-05-11 17:03:45,244 - INFO - FETCHING day | BSE_EQ|INE062A01020 | 2026-04-27 to 2026-05-11
2026-05-11 17:03:45,663 - INFO - SUCCESS: Upserted 9 rows for BSE_EQ|INE062A01020
2026-05-11 17:03:46,432 - INFO - FETCHING 1minute | NSE_EQ|INE002A01018 | 2026-04-27 to 2026-05-11
2026-05-11 17:05:41,150 - INFO - SUCCESS: Upserted 3375 rows for NSE_EQ|INE002A01018
2026-05-11 17:05:41,897 - INFO - FETCHING day | NSE_EQ|INE002A01018 | 2026-04-27 to 2026-05-11
2026-05-11 17:05:42,357 - INFO - SUCCESS: Upserted 9 rows for NSE_EQ|INE002A01018
2026-05-11 17:05:43,189 - INFO - FETCHING 1minute | BSE_EQ|INE397D01024 | 2026-04-27 to 2026-05-11
2026-05-11 17:07:35,325 - INFO - SUCCESS: Upserted 3375 rows for BSE_EQ|INE397D01024
2026-05-11 17:07:36,061 - INFO - FETCHING day | BSE_EQ|INE397D01024 | 2026-04-27 to 2026-05-11
2026-05-11 17:07:36,467 - INFO - SUCCESS: Upserted 9 rows for BSE_EQ|INE397D01024
2026-05-11 17:07:37,183 - INFO - FETCHING 1minute | BSE_EQ|INE031A01017 | 2026-04-27 to 2026-05-11
2026-05-11 17:09:31,283 - INFO - SUCCESS: Upserted 3375 rows for BSE_EQ|INE031A01017
2026-05-11 17:09:32,025 - INFO - FETCHING day | BSE_EQ|INE031A01017 | 2026-04-27 to 2026-05-11
2026-05-11 17:09:32,412 - INFO - SUCCESS: Upserted 9 rows for BSE_EQ|INE031A01017
2026-05-11 17:09:33,167 - INFO - FETCHING 1minute | NSE_EQ|INE154A01025 | 2026-04-27 to 2026-05-11
2026-05-11 17:11:35,805 - INFO - SUCCESS: Upserted 3375 rows for NSE_EQ|INE154A01025
2026-05-11 17:11:36,553 - INFO - FETCHING day | NSE_EQ|INE154A01025 | 2026-04-27 to 2026-05-11
2026-05-11 17:11:36,958 - INFO - SUCCESS: Upserted 9 rows for NSE_EQ|INE154A01025
2026-05-11 17:11:37,744 - INFO - FETCHING 1minute | NSE_EQ|INE455K01017 | 2026-04-27 to 2026-05-11
2026-05-11 17:13:47,868 - INFO - SUCCESS: Upserted 3375 rows for NSE_EQ|INE455K01017
2026-05-11 17:13:48,612 - INFO - FETCHING day | NSE_EQ|INE455K01017 | 2026-04-27 to 2026-05-11
2026-05-11 17:13:49,045 - INFO - SUCCESS: Upserted 9 rows for NSE_EQ|INE455K01017
2026-05-15 13:06:09,494 - INFO - Running in WATCHLIST mode.
2026-05-15 13:06:10,503 - ERROR - No valid instruments identified for sync.
2026-05-15 13:13:47,204 - INFO - Running in WATCHLIST mode.
2026-05-15 13:13:48,140 - ERROR - No valid instruments identified for sync.
2026-05-15 13:15:09,288 - INFO - Running in WATCHLIST mode.
2026-05-15 13:15:10,214 - ERROR - No valid instruments identified for sync.
2026-05-15 13:17:58,776 - INFO - Running in WATCHLIST mode.
2026-05-15 13:17:59,597 - ERROR - No valid instruments identified for sync.
2026-05-15 13:25:54,563 - INFO - Running in WATCHLIST mode.
2026-05-15 13:25:55,676 - INFO - FETCHING 1minute | NSE_INDEX|Nifty 50 | 2020-11-22 to 2020-12-22
2026-05-15 13:25:56,455 - WARNING - No data for NSE_INDEX|Nifty 50 in window 2020-11-22 to 2020-12-22. Skipping...
2026-05-15 13:25:56,957 - INFO - FETCHING 1minute | NSE_INDEX|Nifty 50 | 2020-12-22 to 2021-01-21
2026-05-15 13:25:57,015 - WARNING - No data for NSE_INDEX|Nifty 50 in window 2020-12-22 to 2021-01-21. Skipping...
2026-05-15 13:25:57,516 - INFO - FETCHING 1minute | NSE_INDEX|Nifty 50 | 2021-01-21 to 2021-02-20
2026-05-15 13:25:57,576 - WARNING - No data for NSE_INDEX|Nifty 50 in window 2021-01-21 to 2021-02-20. Skipping...
2026-05-15 13:25:58,077 - INFO - FETCHING 1minute | NSE_INDEX|Nifty 50 | 2021-02-20 to 2021-03-22
2026-05-15 13:25:58,125 - ERROR - Upstox API Error: (400)
Reason: Bad Request
HTTP response headers: HTTPHeaderDict({'Date': 'Fri, 15 May 2026 07:55:57 GMT', 'Content-Type': 'application/json', 'Transfer-Encoding': 'chunked', 'Connection': 'keep-alive', 'reqId': '5b823f24-f6f4-4dbe-9326-29d05d4f366a', 'Vary': 'Origin, Access-Control-Request-Method, Access-Control-Request-Headers', 'message': 'request failed', 'requestId': '30e2a857-c8a7-4edf-8d6e-d14e67febde9', 'X-Content-Type-Options': 'nosniff', 'X-XSS-Protection': '0', 'Cache-Control': 'no-cache, no-store, max-age=0, must-revalidate', 'Pragma': 'no-cache', 'Expires': '0', 'Strict-Transport-Security': 'max-age=0; includeSubDomains', 'X-Frame-Options': 'DENY', 'cf-cache-status': 'MISS', 'set-cookie': '__cf_bm=.rRCkajXzVbwriKGbRQKo8JhY8FjOx_WGTmQPFzekWQ-1778831757.9108267-1.0.1.1-eESd1zyjrM8eOBg15S5s5iGmbP3sS_6wY.pk9azh2X6cKKc1gkedRtLEKb8UnOkutMVlWPD.aOBPxLmRADCW_4Kg.12E.QDA2.Ahq8a2EimO9J2zZy6uV1de1Qz1HNTs; HttpOnly; SameSite=None; Secure; Path=/; Domain=upstox.com; Expires=Fri, 15 May 2026 08:25:57 GMT, _cfuvid=hsdPfuUemF5eEU36A0hYSKBDWD1vc_UeFt4HMFbfbbw-1778831757.9108267-1.0.1.1-v75GtpDHlJNkxFDtVwIqIyFFrLoPluCI1exjBz.nCLw; HttpOnly; SameSite=None; Secure; Path=/; Domain=upstox.com', 'Server': 'cloudflare', 'CF-RAY': '9fc09556fdf72433-BOM', 'alt-svc': 'h3=":443"; ma=86400'})
HTTP response body: b'{"status":"error","errors":[{"errorCode":"UDAPI1148","message":"Invalid date range","propertyPath":null,"invalidValue":null,"error_code":"UDAPI1148","property_path":null,"invalid_value":null}]}'

2026-05-15 13:25:58,126 - WARNING - No data for NSE_INDEX|Nifty 50 in window 2021-02-20 to 2021-03-22. Skipping...
2026-05-15 13:25:58,628 - INFO - FETCHING 1minute | NSE_INDEX|Nifty 50 | 2021-03-22 to 2021-04-21
2026-05-15 13:25:58,685 - WARNING - No data for NSE_INDEX|Nifty 50 in window 2021-03-22 to 2021-04-21. Skipping...
2026-05-15 13:25:59,190 - INFO - FETCHING 1minute | NSE_INDEX|Nifty 50 | 2021-04-21 to 2021-05-21
2026-05-15 13:25:59,237 - WARNING - No data for NSE_INDEX|Nifty 50 in window 2021-04-21 to 2021-05-21. Skipping...
2026-05-15 13:25:59,738 - INFO - FETCHING 1minute | NSE_INDEX|Nifty 50 | 2021-05-21 to 2021-06-20
2026-05-15 13:25:59,793 - WARNING - No data for NSE_INDEX|Nifty 50 in window 2021-05-21 to 2021-06-20. Skipping...
2026-05-15 13:26:00,295 - INFO - FETCHING 1minute | NSE_INDEX|Nifty 50 | 2021-06-20 to 2021-07-20
2026-05-15 13:26:00,369 - WARNING - No data for NSE_INDEX|Nifty 50 in window 2021-06-20 to 2021-07-20. Skipping...
2026-05-15 13:26:00,884 - INFO - FETCHING 1minute | NSE_INDEX|Nifty 50 | 2021-07-20 to 2021-08-19
2026-05-15 13:26:00,949 - WARNING - No data for NSE_INDEX|Nifty 50 in window 2021-07-20 to 2021-08-19. Skipping...
2026-05-15 13:26:01,452 - INFO - FETCHING 1minute | NSE_INDEX|Nifty 50 | 2021-08-19 to 2021-09-18
2026-05-15 13:26:01,520 - WARNING - No data for NSE_INDEX|Nifty 50 in window 2021-08-19 to 2021-09-18. Skipping...
2026-05-15 13:26:02,024 - INFO - FETCHING 1minute | NSE_INDEX|Nifty 50 | 2021-09-18 to 2021-10-18
2026-05-15 13:26:02,098 - WARNING - No data for NSE_INDEX|Nifty 50 in window 2021-09-18 to 2021-10-18. Skipping...
2026-05-15 13:26:02,600 - INFO - FETCHING 1minute | NSE_INDEX|Nifty 50 | 2021-10-18 to 2021-11-17
2026-05-15 13:26:02,664 - WARNING - No data for NSE_INDEX|Nifty 50 in window 2021-10-18 to 2021-11-17. Skipping...
2026-05-15 13:26:03,180 - INFO - FETCHING 1minute | NSE_INDEX|Nifty 50 | 2021-11-17 to 2021-12-17
2026-05-15 13:26:03,245 - WARNING - No data for NSE_INDEX|Nifty 50 in window 2021-11-17 to 2021-12-17. Skipping...
2026-05-15 13:26:03,747 - INFO - FETCHING 1minute | NSE_INDEX|Nifty 50 | 2021-12-17 to 2022-01-16
2026-05-15 13:26:53,119 - INFO - Running in WATCHLIST mode.
2026-05-15 13:26:54,454 - INFO - FETCHING day | NSE_INDEX|Nifty 50 | 2020-11-22 to 2021-11-22
2026-05-15 13:27:05,863 - INFO - SUCCESS: Upserted 246 rows for NSE_INDEX|Nifty 50
2026-05-15 13:27:06,409 - INFO - FETCHING day | NSE_INDEX|Nifty 50 | 2021-11-22 to 2022-11-22
2026-05-15 13:27:14,632 - INFO - SUCCESS: Upserted 250 rows for NSE_INDEX|Nifty 50
2026-05-15 13:27:15,170 - INFO - FETCHING day | NSE_INDEX|Nifty 50 | 2022-11-22 to 2023-11-22
2026-05-15 13:27:23,546 - INFO - SUCCESS: Upserted 250 rows for NSE_INDEX|Nifty 50
2026-05-15 13:27:24,080 - INFO - FETCHING day | NSE_INDEX|Nifty 50 | 2023-11-22 to 2024-11-21
2026-05-15 13:27:32,219 - INFO - SUCCESS: Upserted 248 rows for NSE_INDEX|Nifty 50
2026-05-15 13:27:32,756 - INFO - FETCHING day | NSE_INDEX|Nifty 50 | 2024-11-21 to 2025-11-21
2026-05-15 13:27:40,944 - INFO - SUCCESS: Upserted 250 rows for NSE_INDEX|Nifty 50
2026-05-15 13:27:41,476 - INFO - FETCHING day | NSE_INDEX|Nifty 50 | 2025-11-21 to 2026-05-15
2026-05-15 13:27:45,674 - INFO - SUCCESS: Upserted 117 rows for NSE_INDEX|Nifty 50
2026-05-15 15:51:50,973 - INFO - Running in WATCHLIST mode.
2026-05-15 15:51:52,335 - INFO - FETCHING day | NSE_INDEX|Nifty 50 | 2019-11-28 to 2020-11-27
2026-05-15 15:52:06,054 - INFO - SUCCESS: Upserted 253 rows for NSE_INDEX|Nifty 50
2026-05-15 15:52:06,757 - INFO - FETCHING day | NSE_INDEX|Nifty 50 | 2020-11-27 to 2021-11-27
2026-05-15 15:52:16,669 - INFO - SUCCESS: Upserted 246 rows for NSE_INDEX|Nifty 50
2026-05-15 15:52:17,205 - INFO - FETCHING day | NSE_INDEX|Nifty 50 | 2021-11-27 to 2022-11-27
2026-05-15 15:52:27,276 - INFO - SUCCESS: Upserted 248 rows for NSE_INDEX|Nifty 50
2026-05-15 15:52:27,825 - INFO - FETCHING day | NSE_INDEX|Nifty 50 | 2022-11-27 to 2023-11-27
2026-05-15 15:52:37,331 - INFO - SUCCESS: Upserted 248 rows for NSE_INDEX|Nifty 50
2026-05-15 15:52:37,884 - INFO - FETCHING day | NSE_INDEX|Nifty 50 | 2023-11-27 to 2024-11-26
2026-05-15 15:52:47,832 - INFO - SUCCESS: Upserted 248 rows for NSE_INDEX|Nifty 50
2026-05-15 15:52:48,390 - INFO - FETCHING day | NSE_INDEX|Nifty 50 | 2024-11-26 to 2025-11-26
2026-05-15 15:52:58,271 - INFO - SUCCESS: Upserted 250 rows for NSE_INDEX|Nifty 50
2026-05-15 15:52:58,810 - INFO - FETCHING day | NSE_INDEX|Nifty 50 | 2025-11-26 to 2026-05-15
2026-05-15 15:53:03,427 - INFO - SUCCESS: Upserted 114 rows for NSE_INDEX|Nifty 50
2026-05-25 12:22:49,999 - INFO - Running in WATCHLIST mode.
2026-05-25 12:22:51,702 - INFO - ⏳ Backfill Gap Detected for BSE_EQ|INE090A01021. Forcing lookup starting from 2018-01-01.
2026-05-25 12:22:51,704 - INFO - FETCHING day | BSE_EQ|INE090A01021 | 2018-01-01 to 2019-01-01
2026-05-25 12:23:01,761 - INFO - SUCCESS: Upserted 247 rows for BSE_EQ|INE090A01021
2026-05-25 12:23:02,296 - INFO - FETCHING day | BSE_EQ|INE090A01021 | 2019-01-01 to 2020-01-01
2026-05-25 12:23:12,286 - INFO - SUCCESS: Upserted 246 rows for BSE_EQ|INE090A01021
2026-05-25 12:23:12,838 - INFO - FETCHING day | BSE_EQ|INE090A01021 | 2020-01-01 to 2020-12-31
2026-05-25 12:23:21,539 - INFO - SUCCESS: Upserted 252 rows for BSE_EQ|INE090A01021
2026-05-25 12:23:22,071 - INFO - FETCHING day | BSE_EQ|INE090A01021 | 2020-12-31 to 2021-12-31
2026-05-25 12:23:29,817 - INFO - SUCCESS: Upserted 249 rows for BSE_EQ|INE090A01021
2026-05-25 12:23:30,352 - INFO - FETCHING day | BSE_EQ|INE090A01021 | 2021-12-31 to 2022-12-31
2026-05-25 12:23:38,319 - INFO - SUCCESS: Upserted 249 rows for BSE_EQ|INE090A01021
2026-05-25 12:23:38,850 - INFO - FETCHING day | BSE_EQ|INE090A01021 | 2022-12-31 to 2023-12-31
2026-05-25 12:23:47,055 - INFO - SUCCESS: Upserted 246 rows for BSE_EQ|INE090A01021
2026-05-25 12:23:47,591 - INFO - FETCHING day | BSE_EQ|INE090A01021 | 2023-12-31 to 2024-12-30
2026-05-25 12:23:55,873 - INFO - SUCCESS: Upserted 248 rows for BSE_EQ|INE090A01021
2026-05-25 12:23:56,409 - INFO - FETCHING day | BSE_EQ|INE090A01021 | 2024-12-30 to 2025-12-30
2026-05-25 12:24:05,715 - INFO - SUCCESS: Upserted 250 rows for BSE_EQ|INE090A01021
2026-05-25 12:24:06,306 - INFO - FETCHING day | BSE_EQ|INE090A01021 | 2025-12-30 to 2026-05-25
2026-05-25 12:24:10,348 - INFO - SUCCESS: Upserted 97 rows for BSE_EQ|INE090A01021
2026-05-25 12:24:11,420 - INFO - ⏳ Backfill Gap Detected for NSE_EQ|INE040H01021. Forcing lookup starting from 2018-01-01.
2026-05-25 12:24:11,424 - INFO - FETCHING day | NSE_EQ|INE040H01021 | 2018-01-01 to 2019-01-01
2026-05-25 12:24:19,124 - INFO - SUCCESS: Upserted 246 rows for NSE_EQ|INE040H01021
2026-05-25 12:24:19,676 - INFO - FETCHING day | NSE_EQ|INE040H01021 | 2019-01-01 to 2020-01-01
2026-05-25 12:24:27,791 - INFO - SUCCESS: Upserted 246 rows for NSE_EQ|INE040H01021
2026-05-25 12:24:28,321 - INFO - FETCHING day | NSE_EQ|INE040H01021 | 2020-01-01 to 2020-12-31
2026-05-25 12:24:36,791 - INFO - SUCCESS: Upserted 252 rows for NSE_EQ|INE040H01021
2026-05-25 12:24:37,323 - INFO - FETCHING day | NSE_EQ|INE040H01021 | 2020-12-31 to 2021-12-31
2026-05-25 12:24:48,392 - INFO - SUCCESS: Upserted 249 rows for NSE_EQ|INE040H01021
2026-05-25 12:24:48,944 - INFO - FETCHING day | NSE_EQ|INE040H01021 | 2021-12-31 to 2022-12-31
2026-05-25 12:24:57,625 - INFO - SUCCESS: Upserted 249 rows for NSE_EQ|INE040H01021
2026-05-25 12:24:58,157 - INFO - FETCHING day | NSE_EQ|INE040H01021 | 2022-12-31 to 2023-12-31
2026-05-25 12:25:05,831 - INFO - SUCCESS: Upserted 246 rows for NSE_EQ|INE040H01021
2026-05-25 12:25:06,373 - INFO - FETCHING day | NSE_EQ|INE040H01021 | 2023-12-31 to 2024-12-30
2026-05-25 12:25:14,693 - INFO - SUCCESS: Upserted 248 rows for NSE_EQ|INE040H01021
2026-05-25 12:25:15,343 - INFO - FETCHING day | NSE_EQ|INE040H01021 | 2024-12-30 to 2025-12-30
2026-05-25 12:25:23,791 - INFO - SUCCESS: Upserted 250 rows for NSE_EQ|INE040H01021
2026-05-25 12:25:24,320 - INFO - FETCHING day | NSE_EQ|INE040H01021 | 2025-12-30 to 2026-05-25
2026-05-25 12:25:27,255 - INFO - SUCCESS: Upserted 97 rows for NSE_EQ|INE040H01021
2026-05-25 12:25:28,286 - INFO - ⏳ Backfill Gap Detected for NSE_EQ|INE467B01029. Forcing lookup starting from 2018-01-01.
2026-05-25 12:25:28,330 - INFO - FETCHING day | NSE_EQ|INE467B01029 | 2018-01-01 to 2019-01-01
2026-05-25 12:25:37,017 - INFO - SUCCESS: Upserted 246 rows for NSE_EQ|INE467B01029
2026-05-25 12:25:37,549 - INFO - FETCHING day | NSE_EQ|INE467B01029 | 2019-01-01 to 2020-01-01
2026-05-25 12:25:45,848 - INFO - SUCCESS: Upserted 246 rows for NSE_EQ|INE467B01029
2026-05-25 12:25:46,383 - INFO - FETCHING day | NSE_EQ|INE467B01029 | 2020-01-01 to 2020-12-31
2026-05-25 12:25:55,362 - INFO - SUCCESS: Upserted 252 rows for NSE_EQ|INE467B01029
2026-05-25 12:25:55,891 - INFO - FETCHING day | NSE_EQ|INE467B01029 | 2020-12-31 to 2021-12-31
2026-05-25 12:26:03,808 - INFO - SUCCESS: Upserted 249 rows for NSE_EQ|INE467B01029
2026-05-25 12:26:04,336 - INFO - FETCHING day | NSE_EQ|INE467B01029 | 2021-12-31 to 2022-12-31
2026-05-25 12:26:11,954 - INFO - SUCCESS: Upserted 249 rows for NSE_EQ|INE467B01029
2026-05-25 12:26:12,479 - INFO - FETCHING day | NSE_EQ|INE467B01029 | 2022-12-31 to 2023-12-31
2026-05-25 12:26:20,597 - INFO - SUCCESS: Upserted 246 rows for NSE_EQ|INE467B01029
2026-05-25 12:26:21,125 - INFO - FETCHING day | NSE_EQ|INE467B01029 | 2023-12-31 to 2024-12-30
2026-05-25 12:26:28,648 - INFO - SUCCESS: Upserted 248 rows for NSE_EQ|INE467B01029
2026-05-25 12:26:29,195 - INFO - FETCHING day | NSE_EQ|INE467B01029 | 2024-12-30 to 2025-12-30
2026-05-25 12:26:38,430 - INFO - SUCCESS: Upserted 250 rows for NSE_EQ|INE467B01029
2026-05-25 12:26:38,968 - INFO - FETCHING day | NSE_EQ|INE467B01029 | 2025-12-30 to 2026-05-25
2026-05-25 12:26:42,451 - INFO - SUCCESS: Upserted 97 rows for NSE_EQ|INE467B01029
2026-05-25 12:26:43,434 - INFO - ⏳ Backfill Gap Detected for BSE_EQ|INE467B01029. Forcing lookup starting from 2018-01-01.
2026-05-25 12:26:43,437 - INFO - FETCHING day | BSE_EQ|INE467B01029 | 2018-01-01 to 2019-01-01
2026-05-25 12:26:51,586 - INFO - SUCCESS: Upserted 247 rows for BSE_EQ|INE467B01029
2026-05-25 12:26:52,232 - INFO - FETCHING day | BSE_EQ|INE467B01029 | 2019-01-01 to 2020-01-01
2026-05-25 12:27:00,102 - INFO - SUCCESS: Upserted 246 rows for BSE_EQ|INE467B01029
2026-05-25 12:27:00,640 - INFO - FETCHING day | BSE_EQ|INE467B01029 | 2020-01-01 to 2020-12-31
2026-05-25 12:27:08,414 - INFO - SUCCESS: Upserted 252 rows for BSE_EQ|INE467B01029
2026-05-25 12:27:08,944 - INFO - FETCHING day | BSE_EQ|INE467B01029 | 2020-12-31 to 2021-12-31
2026-05-25 12:27:17,374 - INFO - SUCCESS: Upserted 249 rows for BSE_EQ|INE467B01029
2026-05-25 12:27:17,913 - INFO - FETCHING day | BSE_EQ|INE467B01029 | 2021-12-31 to 2022-12-31
2026-05-25 12:27:26,688 - INFO - SUCCESS: Upserted 249 rows for BSE_EQ|INE467B01029
2026-05-25 12:27:27,216 - INFO - FETCHING day | BSE_EQ|INE467B01029 | 2022-12-31 to 2023-12-31
2026-05-25 12:27:35,095 - INFO - SUCCESS: Upserted 246 rows for BSE_EQ|INE467B01029
2026-05-25 12:27:35,624 - INFO - FETCHING day | BSE_EQ|INE467B01029 | 2023-12-31 to 2024-12-30
2026-05-25 12:27:43,637 - INFO - SUCCESS: Upserted 248 rows for BSE_EQ|INE467B01029
2026-05-25 12:27:44,165 - INFO - FETCHING day | BSE_EQ|INE467B01029 | 2024-12-30 to 2025-12-30
2026-05-25 12:27:51,902 - INFO - SUCCESS: Upserted 250 rows for BSE_EQ|INE467B01029
2026-05-25 12:27:52,431 - INFO - FETCHING day | BSE_EQ|INE467B01029 | 2025-12-30 to 2026-05-25
2026-05-25 12:27:55,753 - INFO - SUCCESS: Upserted 97 rows for BSE_EQ|INE467B01029
2026-05-25 12:27:56,792 - INFO - ⏳ Backfill Gap Detected for NSE_EQ|INE209L01016. Forcing lookup starting from 2018-01-01.
2026-05-25 12:27:56,795 - INFO - FETCHING day | NSE_EQ|INE209L01016 | 2018-01-01 to 2019-01-01
2026-05-25 12:28:04,061 - INFO - SUCCESS: Upserted 225 rows for NSE_EQ|INE209L01016
2026-05-25 12:28:04,589 - INFO - FETCHING day | NSE_EQ|INE209L01016 | 2019-01-01 to 2020-01-01
2026-05-25 12:28:11,403 - INFO - SUCCESS: Upserted 209 rows for NSE_EQ|INE209L01016
2026-05-25 12:28:11,957 - INFO - FETCHING day | NSE_EQ|INE209L01016 | 2020-01-01 to 2020-12-31
2026-05-25 12:28:19,948 - INFO - SUCCESS: Upserted 252 rows for NSE_EQ|INE209L01016
2026-05-25 12:28:20,485 - INFO - FETCHING day | NSE_EQ|INE209L01016 | 2020-12-31 to 2021-12-31
2026-05-25 12:28:28,160 - INFO - SUCCESS: Upserted 249 rows for NSE_EQ|INE209L01016
2026-05-25 12:28:28,689 - INFO - FETCHING day | NSE_EQ|INE209L01016 | 2021-12-31 to 2022-12-31
2026-05-25 12:28:37,307 - INFO - SUCCESS: Upserted 249 rows for NSE_EQ|INE209L01016
2026-05-25 12:28:37,840 - INFO - FETCHING day | NSE_EQ|INE209L01016 | 2022-12-31 to 2023-12-31
2026-05-25 12:28:45,740 - INFO - SUCCESS: Upserted 246 rows for NSE_EQ|INE209L01016
2026-05-25 12:28:46,271 - INFO - FETCHING day | NSE_EQ|INE209L01016 | 2023-12-31 to 2024-12-30
2026-05-25 12:28:54,418 - INFO - SUCCESS: Upserted 248 rows for NSE_EQ|INE209L01016
2026-05-25 12:28:54,954 - INFO - FETCHING day | NSE_EQ|INE209L01016 | 2024-12-30 to 2025-12-30
2026-05-25 12:29:03,067 - INFO - SUCCESS: Upserted 250 rows for NSE_EQ|INE209L01016
2026-05-25 12:29:03,611 - INFO - FETCHING day | NSE_EQ|INE209L01016 | 2025-12-30 to 2026-05-25
2026-05-25 12:29:06,935 - INFO - SUCCESS: Upserted 97 rows for NSE_EQ|INE209L01016
2026-05-25 12:29:07,987 - INFO - ⏳ Backfill Gap Detected for NSE_EQ|INE238A01034. Forcing lookup starting from 2018-01-01.
2026-05-25 12:29:07,994 - INFO - FETCHING day | NSE_EQ|INE238A01034 | 2018-01-01 to 2019-01-01
2026-05-25 12:29:16,228 - INFO - SUCCESS: Upserted 246 rows for NSE_EQ|INE238A01034
2026-05-25 12:29:16,760 - INFO - FETCHING day | NSE_EQ|INE238A01034 | 2019-01-01 to 2020-01-01
2026-05-25 12:29:24,446 - INFO - SUCCESS: Upserted 246 rows for NSE_EQ|INE238A01034
2026-05-25 12:29:24,976 - INFO - FETCHING day | NSE_EQ|INE238A01034 | 2020-01-01 to 2020-12-31
2026-05-25 12:29:33,434 - INFO - SUCCESS: Upserted 252 rows for NSE_EQ|INE238A01034
2026-05-25 12:29:33,962 - INFO - FETCHING day | NSE_EQ|INE238A01034 | 2020-12-31 to 2021-12-31
2026-05-25 12:29:42,387 - INFO - SUCCESS: Upserted 249 rows for NSE_EQ|INE238A01034
2026-05-25 12:29:42,915 - INFO - FETCHING day | NSE_EQ|INE238A01034 | 2021-12-31 to 2022-12-31
2026-05-25 12:29:52,819 - INFO - SUCCESS: Upserted 249 rows for NSE_EQ|INE238A01034
2026-05-25 12:29:53,468 - INFO - FETCHING day | NSE_EQ|INE238A01034 | 2022-12-31 to 2023-12-31
2026-05-25 12:30:03,441 - INFO - SUCCESS: Upserted 246 rows for NSE_EQ|INE238A01034
2026-05-25 12:30:03,969 - INFO - FETCHING day | NSE_EQ|INE238A01034 | 2023-12-31 to 2024-12-30
2026-05-25 12:30:12,455 - INFO - SUCCESS: Upserted 248 rows for NSE_EQ|INE238A01034
2026-05-25 12:30:12,987 - INFO - FETCHING day | NSE_EQ|INE238A01034 | 2024-12-30 to 2025-12-30
2026-05-25 12:30:20,172 - INFO - SUCCESS: Upserted 250 rows for NSE_EQ|INE238A01034
2026-05-25 12:30:20,700 - INFO - FETCHING day | NSE_EQ|INE238A01034 | 2025-12-30 to 2026-05-25
2026-05-25 12:30:23,579 - INFO - SUCCESS: Upserted 97 rows for NSE_EQ|INE238A01034
2026-05-25 12:30:24,580 - INFO - ⏳ Backfill Gap Detected for NSE_EQ|INE044A01036. Forcing lookup starting from 2018-01-01.
2026-05-25 12:30:24,580 - INFO - FETCHING day | NSE_EQ|INE044A01036 | 2018-01-01 to 2019-01-01
2026-05-25 12:30:32,030 - INFO - SUCCESS: Upserted 246 rows for NSE_EQ|INE044A01036
2026-05-25 12:30:32,562 - INFO - FETCHING day | NSE_EQ|INE044A01036 | 2019-01-01 to 2020-01-01
2026-05-25 12:30:40,527 - INFO - SUCCESS: Upserted 246 rows for NSE_EQ|INE044A01036
2026-05-25 12:30:41,093 - INFO - FETCHING day | NSE_EQ|INE044A01036 | 2020-01-01 to 2020-12-31
2026-05-25 12:30:49,531 - INFO - SUCCESS: Upserted 252 rows for NSE_EQ|INE044A01036
2026-05-25 12:30:50,060 - INFO - FETCHING day | NSE_EQ|INE044A01036 | 2020-12-31 to 2021-12-31
2026-05-25 12:30:58,666 - INFO - SUCCESS: Upserted 249 rows for NSE_EQ|INE044A01036
2026-05-25 12:30:59,203 - INFO - FETCHING day | NSE_EQ|INE044A01036 | 2021-12-31 to 2022-12-31
2026-05-25 12:31:07,428 - INFO - SUCCESS: Upserted 249 rows for NSE_EQ|INE044A01036
2026-05-25 12:31:07,986 - INFO - FETCHING day | NSE_EQ|INE044A01036 | 2022-12-31 to 2023-12-31
2026-05-25 12:31:15,741 - INFO - SUCCESS: Upserted 246 rows for NSE_EQ|INE044A01036
2026-05-25 12:31:16,279 - INFO - FETCHING day | NSE_EQ|INE044A01036 | 2023-12-31 to 2024-12-30
2026-05-25 12:31:24,685 - INFO - SUCCESS: Upserted 248 rows for NSE_EQ|INE044A01036
2026-05-25 12:31:25,212 - INFO - FETCHING day | NSE_EQ|INE044A01036 | 2024-12-30 to 2025-12-30
2026-05-25 12:31:33,896 - INFO - SUCCESS: Upserted 250 rows for NSE_EQ|INE044A01036
2026-05-25 12:31:34,426 - INFO - FETCHING day | NSE_EQ|INE044A01036 | 2025-12-30 to 2026-05-25
2026-05-25 12:31:37,694 - INFO - SUCCESS: Upserted 97 rows for NSE_EQ|INE044A01036
2026-05-25 12:31:38,770 - INFO - ⏳ Backfill Gap Detected for BSE_EQ|INE423A01024. Forcing lookup starting from 2018-01-01.
2026-05-25 12:31:38,771 - INFO - FETCHING day | BSE_EQ|INE423A01024 | 2018-01-01 to 2019-01-01
2026-05-25 12:31:46,886 - INFO - SUCCESS: Upserted 247 rows for BSE_EQ|INE423A01024
2026-05-25 12:31:47,414 - INFO - FETCHING day | BSE_EQ|INE423A01024 | 2019-01-01 to 2020-01-01
2026-05-25 12:31:55,368 - INFO - SUCCESS: Upserted 246 rows for BSE_EQ|INE423A01024
2026-05-25 12:31:55,899 - INFO - FETCHING day | BSE_EQ|INE423A01024 | 2020-01-01 to 2020-12-31
2026-05-25 12:32:04,012 - INFO - SUCCESS: Upserted 252 rows for BSE_EQ|INE423A01024
2026-05-25 12:32:04,541 - INFO - FETCHING day | BSE_EQ|INE423A01024 | 2020-12-31 to 2021-12-31
2026-05-25 12:32:12,655 - INFO - SUCCESS: Upserted 249 rows for BSE_EQ|INE423A01024
2026-05-25 12:32:13,192 - INFO - FETCHING day | BSE_EQ|INE423A01024 | 2021-12-31 to 2022-12-31
2026-05-25 12:32:21,053 - INFO - SUCCESS: Upserted 249 rows for BSE_EQ|INE423A01024
2026-05-25 12:32:21,580 - INFO - FETCHING day | BSE_EQ|INE423A01024 | 2022-12-31 to 2023-12-31
2026-05-25 12:32:29,365 - INFO - SUCCESS: Upserted 246 rows for BSE_EQ|INE423A01024
2026-05-25 12:32:29,899 - INFO - FETCHING day | BSE_EQ|INE423A01024 | 2023-12-31 to 2024-12-30
2026-05-25 12:32:37,981 - INFO - SUCCESS: Upserted 248 rows for BSE_EQ|INE423A01024
2026-05-25 12:32:38,509 - INFO - FETCHING day | BSE_EQ|INE423A01024 | 2024-12-30 to 2025-12-30
2026-05-25 12:32:46,940 - INFO - SUCCESS: Upserted 250 rows for BSE_EQ|INE423A01024
2026-05-25 12:32:47,475 - INFO - FETCHING day | BSE_EQ|INE423A01024 | 2025-12-30 to 2026-05-25
2026-05-25 12:32:50,724 - INFO - SUCCESS: Upserted 97 rows for BSE_EQ|INE423A01024
2026-05-25 12:32:51,730 - INFO - ⏳ Backfill Gap Detected for NSE_EQ|INE040A01034. Forcing lookup starting from 2018-01-01.
2026-05-25 12:32:51,731 - INFO - FETCHING day | NSE_EQ|INE040A01034 | 2018-01-01 to 2019-01-01
2026-05-25 12:33:02,298 - INFO - SUCCESS: Upserted 246 rows for NSE_EQ|INE040A01034
2026-05-25 12:33:02,851 - INFO - FETCHING day | NSE_EQ|INE040A01034 | 2019-01-01 to 2020-01-01
2026-05-25 12:33:11,660 - INFO - SUCCESS: Upserted 246 rows for NSE_EQ|INE040A01034
2026-05-25 12:33:12,190 - INFO - FETCHING day | NSE_EQ|INE040A01034 | 2020-01-01 to 2020-12-31
2026-05-25 12:33:20,679 - INFO - SUCCESS: Upserted 252 rows for NSE_EQ|INE040A01034
2026-05-25 12:33:21,215 - INFO - FETCHING day | NSE_EQ|INE040A01034 | 2020-12-31 to 2021-12-31
2026-05-25 12:33:29,669 - INFO - SUCCESS: Upserted 249 rows for NSE_EQ|INE040A01034
2026-05-25 12:33:30,200 - INFO - FETCHING day | NSE_EQ|INE040A01034 | 2021-12-31 to 2022-12-31
2026-05-25 12:33:38,340 - INFO - SUCCESS: Upserted 249 rows for NSE_EQ|INE040A01034
2026-05-25 12:33:38,877 - INFO - FETCHING day | NSE_EQ|INE040A01034 | 2022-12-31 to 2023-12-31
2026-05-25 12:33:46,989 - INFO - SUCCESS: Upserted 246 rows for NSE_EQ|INE040A01034
2026-05-25 12:33:47,532 - INFO - FETCHING day | NSE_EQ|INE040A01034 | 2023-12-31 to 2024-12-30
2026-05-25 12:33:56,242 - INFO - SUCCESS: Upserted 248 rows for NSE_EQ|INE040A01034
2026-05-25 12:33:56,789 - INFO - FETCHING day | NSE_EQ|INE040A01034 | 2024-12-30 to 2025-12-30
2026-05-25 12:34:05,006 - INFO - SUCCESS: Upserted 250 rows for NSE_EQ|INE040A01034
2026-05-25 12:34:05,535 - INFO - FETCHING day | NSE_EQ|INE040A01034 | 2025-12-30 to 2026-05-25
2026-05-25 12:34:08,721 - INFO - SUCCESS: Upserted 97 rows for NSE_EQ|INE040A01034
2026-05-25 12:34:09,726 - INFO - ⏳ Backfill Gap Detected for BSE_EQ|INE040H01021. Forcing lookup starting from 2018-01-01.
2026-05-25 12:34:09,727 - INFO - FETCHING day | BSE_EQ|INE040H01021 | 2018-01-01 to 2019-01-01
2026-05-25 12:34:18,082 - INFO - SUCCESS: Upserted 247 rows for BSE_EQ|INE040H01021
2026-05-25 12:34:18,614 - INFO - FETCHING day | BSE_EQ|INE040H01021 | 2019-01-01 to 2020-01-01
2026-05-25 12:34:27,446 - INFO - SUCCESS: Upserted 246 rows for BSE_EQ|INE040H01021
2026-05-25 12:34:27,977 - INFO - FETCHING day | BSE_EQ|INE040H01021 | 2020-01-01 to 2020-12-31
2026-05-25 12:34:36,238 - INFO - SUCCESS: Upserted 252 rows for BSE_EQ|INE040H01021
2026-05-25 12:34:36,771 - INFO - FETCHING day | BSE_EQ|INE040H01021 | 2020-12-31 to 2021-12-31
2026-05-25 12:34:44,900 - INFO - SUCCESS: Upserted 249 rows for BSE_EQ|INE040H01021
2026-05-25 12:34:45,436 - INFO - FETCHING day | BSE_EQ|INE040H01021 | 2021-12-31 to 2022-12-31
2026-05-25 12:34:53,566 - INFO - SUCCESS: Upserted 249 rows for BSE_EQ|INE040H01021
2026-05-25 12:34:54,114 - INFO - FETCHING day | BSE_EQ|INE040H01021 | 2022-12-31 to 2023-12-31
2026-05-25 12:35:02,275 - INFO - SUCCESS: Upserted 246 rows for BSE_EQ|INE040H01021
2026-05-25 12:35:02,815 - INFO - FETCHING day | BSE_EQ|INE040H01021 | 2023-12-31 to 2024-12-30
2026-05-25 12:35:13,368 - INFO - SUCCESS: Upserted 248 rows for BSE_EQ|INE040H01021
2026-05-25 12:35:13,941 - INFO - FETCHING day | BSE_EQ|INE040H01021 | 2024-12-30 to 2025-12-30
2026-05-25 12:35:24,881 - INFO - SUCCESS: Upserted 250 rows for BSE_EQ|INE040H01021
2026-05-25 12:35:25,515 - INFO - FETCHING day | BSE_EQ|INE040H01021 | 2025-12-30 to 2026-05-25
2026-05-25 12:35:29,456 - INFO - SUCCESS: Upserted 97 rows for BSE_EQ|INE040H01021
2026-05-25 12:35:30,546 - INFO - ⏳ Backfill Gap Detected for BSE_EQ|INE018A01030. Forcing lookup starting from 2018-01-01.
2026-05-25 12:35:30,585 - INFO - FETCHING day | BSE_EQ|INE018A01030 | 2018-01-01 to 2019-01-01
2026-05-25 12:35:39,059 - INFO - SUCCESS: Upserted 247 rows for BSE_EQ|INE018A01030
2026-05-25 12:35:39,603 - INFO - FETCHING day | BSE_EQ|INE018A01030 | 2019-01-01 to 2020-01-01
2026-05-25 12:35:47,637 - INFO - SUCCESS: Upserted 246 rows for BSE_EQ|INE018A01030
2026-05-25 12:35:48,167 - INFO - FETCHING day | BSE_EQ|INE018A01030 | 2020-01-01 to 2020-12-31
2026-05-25 12:35:56,550 - INFO - SUCCESS: Upserted 252 rows for BSE_EQ|INE018A01030
2026-05-25 12:35:57,088 - INFO - FETCHING day | BSE_EQ|INE018A01030 | 2020-12-31 to 2021-12-31
2026-05-25 12:36:05,341 - INFO - SUCCESS: Upserted 249 rows for BSE_EQ|INE018A01030
2026-05-25 12:36:05,872 - INFO - FETCHING day | BSE_EQ|INE018A01030 | 2021-12-31 to 2022-12-31
2026-05-25 12:36:14,815 - INFO - SUCCESS: Upserted 249 rows for BSE_EQ|INE018A01030
2026-05-25 12:36:15,351 - INFO - FETCHING day | BSE_EQ|INE018A01030 | 2022-12-31 to 2023-12-31
2026-05-25 12:36:23,617 - INFO - SUCCESS: Upserted 246 rows for BSE_EQ|INE018A01030
2026-05-25 12:36:24,155 - INFO - FETCHING day | BSE_EQ|INE018A01030 | 2023-12-31 to 2024-12-30
2026-05-25 12:36:32,825 - INFO - SUCCESS: Upserted 248 rows for BSE_EQ|INE018A01030
2026-05-25 12:36:33,371 - INFO - FETCHING day | BSE_EQ|INE018A01030 | 2024-12-30 to 2025-12-30
2026-05-25 12:36:42,069 - INFO - SUCCESS: Upserted 250 rows for BSE_EQ|INE018A01030
2026-05-25 12:36:42,603 - INFO - FETCHING day | BSE_EQ|INE018A01030 | 2025-12-30 to 2026-05-25
2026-05-25 12:36:45,822 - INFO - SUCCESS: Upserted 97 rows for BSE_EQ|INE018A01030
2026-05-25 12:36:46,846 - INFO - ⏳ Backfill Gap Detected for NSE_EQ|INE423A01024. Forcing lookup starting from 2018-01-01.
2026-05-25 12:36:46,847 - INFO - FETCHING day | NSE_EQ|INE423A01024 | 2018-01-01 to 2019-01-01
2026-05-25 12:36:55,265 - INFO - SUCCESS: Upserted 246 rows for NSE_EQ|INE423A01024
2026-05-25 12:36:55,792 - INFO - FETCHING day | NSE_EQ|INE423A01024 | 2019-01-01 to 2020-01-01
2026-05-25 12:37:03,690 - INFO - SUCCESS: Upserted 246 rows for NSE_EQ|INE423A01024
2026-05-25 12:37:04,217 - INFO - FETCHING day | NSE_EQ|INE423A01024 | 2020-01-01 to 2020-12-31
2026-05-25 12:37:12,069 - INFO - SUCCESS: Upserted 252 rows for NSE_EQ|INE423A01024
2026-05-25 12:37:12,599 - INFO - FETCHING day | NSE_EQ|INE423A01024 | 2020-12-31 to 2021-12-31
2026-05-25 12:37:21,126 - INFO - SUCCESS: Upserted 249 rows for NSE_EQ|INE423A01024
2026-05-25 12:37:21,693 - INFO - FETCHING day | NSE_EQ|INE423A01024 | 2021-12-31 to 2022-12-31
2026-05-25 12:37:30,250 - INFO - SUCCESS: Upserted 249 rows for NSE_EQ|INE423A01024
2026-05-25 12:37:30,787 - INFO - FETCHING day | NSE_EQ|INE423A01024 | 2022-12-31 to 2023-12-31
2026-05-25 12:37:39,375 - INFO - SUCCESS: Upserted 246 rows for NSE_EQ|INE423A01024
2026-05-25 12:37:39,909 - INFO - FETCHING day | NSE_EQ|INE423A01024 | 2023-12-31 to 2024-12-30
2026-05-25 12:37:48,270 - INFO - SUCCESS: Upserted 248 rows for NSE_EQ|INE423A01024
2026-05-25 12:37:48,803 - INFO - FETCHING day | NSE_EQ|INE423A01024 | 2024-12-30 to 2025-12-30
2026-05-25 12:37:57,366 - INFO - SUCCESS: Upserted 250 rows for NSE_EQ|INE423A01024
2026-05-25 12:37:57,895 - INFO - FETCHING day | NSE_EQ|INE423A01024 | 2025-12-30 to 2026-05-25
2026-05-25 12:38:01,227 - INFO - SUCCESS: Upserted 97 rows for NSE_EQ|INE423A01024
2026-05-25 12:38:02,199 - INFO - ⏳ Backfill Gap Detected for BSE_EQ|INE154A01025. Forcing lookup starting from 2018-01-01.
2026-05-25 12:38:02,199 - INFO - FETCHING day | BSE_EQ|INE154A01025 | 2018-01-01 to 2019-01-01
2026-05-25 12:38:10,137 - INFO - SUCCESS: Upserted 247 rows for BSE_EQ|INE154A01025
2026-05-25 12:38:10,667 - INFO - FETCHING day | BSE_EQ|INE154A01025 | 2019-01-01 to 2020-01-01
2026-05-25 12:38:18,461 - INFO - SUCCESS: Upserted 246 rows for BSE_EQ|INE154A01025
2026-05-25 12:38:18,990 - INFO - FETCHING day | BSE_EQ|INE154A01025 | 2020-01-01 to 2020-12-31
2026-05-25 12:38:27,078 - INFO - SUCCESS: Upserted 252 rows for BSE_EQ|INE154A01025
2026-05-25 12:38:27,608 - INFO - FETCHING day | BSE_EQ|INE154A01025 | 2020-12-31 to 2021-12-31
2026-05-25 12:38:35,584 - INFO - SUCCESS: Upserted 249 rows for BSE_EQ|INE154A01025
2026-05-25 12:38:36,124 - INFO - FETCHING day | BSE_EQ|INE154A01025 | 2021-12-31 to 2022-12-31
2026-05-25 12:38:44,332 - INFO - SUCCESS: Upserted 249 rows for BSE_EQ|INE154A01025
2026-05-25 12:38:44,875 - INFO - FETCHING day | BSE_EQ|INE154A01025 | 2022-12-31 to 2023-12-31
2026-05-25 12:38:52,610 - INFO - SUCCESS: Upserted 246 rows for BSE_EQ|INE154A01025
2026-05-25 12:38:53,143 - INFO - FETCHING day | BSE_EQ|INE154A01025 | 2023-12-31 to 2024-12-30
2026-05-25 12:39:01,369 - INFO - SUCCESS: Upserted 248 rows for BSE_EQ|INE154A01025
2026-05-25 12:39:01,896 - INFO - FETCHING day | BSE_EQ|INE154A01025 | 2024-12-30 to 2025-12-30
2026-05-25 12:39:09,879 - INFO - SUCCESS: Upserted 250 rows for BSE_EQ|INE154A01025
2026-05-25 12:39:10,418 - INFO - FETCHING day | BSE_EQ|INE154A01025 | 2025-12-30 to 2026-05-25
2026-05-25 12:39:13,607 - INFO - SUCCESS: Upserted 97 rows for BSE_EQ|INE154A01025
2026-05-25 12:39:14,610 - INFO - ⏳ Backfill Gap Detected for NSE_EQ|INE090A01021. Forcing lookup starting from 2018-01-01.
2026-05-25 12:39:14,611 - INFO - FETCHING day | NSE_EQ|INE090A01021 | 2018-01-01 to 2019-01-01
2026-05-25 12:39:23,073 - INFO - SUCCESS: Upserted 246 rows for NSE_EQ|INE090A01021
2026-05-25 12:39:23,605 - INFO - FETCHING day | NSE_EQ|INE090A01021 | 2019-01-01 to 2020-01-01
2026-05-25 12:39:31,989 - INFO - SUCCESS: Upserted 246 rows for NSE_EQ|INE090A01021
2026-05-25 12:39:32,518 - INFO - FETCHING day | NSE_EQ|INE090A01021 | 2020-01-01 to 2020-12-31
2026-05-25 12:39:41,432 - INFO - SUCCESS: Upserted 252 rows for NSE_EQ|INE090A01021
2026-05-25 12:39:41,971 - INFO - FETCHING day | NSE_EQ|INE090A01021 | 2020-12-31 to 2021-12-31
2026-05-25 12:39:50,669 - INFO - SUCCESS: Upserted 249 rows for NSE_EQ|INE090A01021
2026-05-25 12:39:51,197 - INFO - FETCHING day | NSE_EQ|INE090A01021 | 2021-12-31 to 2022-12-31
2026-05-25 12:40:00,586 - INFO - SUCCESS: Upserted 249 rows for NSE_EQ|INE090A01021
2026-05-25 12:40:01,121 - INFO - FETCHING day | NSE_EQ|INE090A01021 | 2022-12-31 to 2023-12-31
2026-05-25 12:40:11,645 - INFO - SUCCESS: Upserted 246 rows for NSE_EQ|INE090A01021
2026-05-25 12:40:12,179 - INFO - FETCHING day | NSE_EQ|INE090A01021 | 2023-12-31 to 2024-12-30
2026-05-25 12:40:20,439 - INFO - SUCCESS: Upserted 248 rows for NSE_EQ|INE090A01021
2026-05-25 12:40:20,970 - INFO - FETCHING day | NSE_EQ|INE090A01021 | 2024-12-30 to 2025-12-30
2026-05-25 12:40:28,911 - INFO - SUCCESS: Upserted 250 rows for NSE_EQ|INE090A01021
2026-05-25 12:40:29,454 - INFO - FETCHING day | NSE_EQ|INE090A01021 | 2025-12-30 to 2026-05-25
2026-05-25 12:40:32,451 - INFO - SUCCESS: Upserted 97 rows for NSE_EQ|INE090A01021
2026-05-25 12:40:33,494 - INFO - ⏳ Backfill Gap Detected for BSE_EQ|INE455K01017. Forcing lookup starting from 2018-01-01.
2026-05-25 12:40:33,497 - INFO - FETCHING day | BSE_EQ|INE455K01017 | 2018-01-01 to 2019-01-01
2026-05-25 12:40:33,572 - WARNING - No data for BSE_EQ|INE455K01017 in window 2018-01-01 to 2019-01-01. Skipping...
2026-05-25 12:40:34,073 - INFO - FETCHING day | BSE_EQ|INE455K01017 | 2019-01-01 to 2020-01-01
2026-05-25 12:40:40,067 - INFO - SUCCESS: Upserted 173 rows for BSE_EQ|INE455K01017
2026-05-25 12:40:40,612 - INFO - FETCHING day | BSE_EQ|INE455K01017 | 2020-01-01 to 2020-12-31
2026-05-25 12:40:48,779 - INFO - SUCCESS: Upserted 252 rows for BSE_EQ|INE455K01017
2026-05-25 12:40:49,312 - INFO - FETCHING day | BSE_EQ|INE455K01017 | 2020-12-31 to 2021-12-31
2026-05-25 12:40:57,363 - INFO - SUCCESS: Upserted 249 rows for BSE_EQ|INE455K01017
2026-05-25 12:40:57,894 - INFO - FETCHING day | BSE_EQ|INE455K01017 | 2021-12-31 to 2022-12-31
2026-05-25 12:41:05,952 - INFO - SUCCESS: Upserted 249 rows for BSE_EQ|INE455K01017
2026-05-25 12:41:06,483 - INFO - FETCHING day | BSE_EQ|INE455K01017 | 2022-12-31 to 2023-12-31
2026-05-25 12:41:14,738 - INFO - SUCCESS: Upserted 246 rows for BSE_EQ|INE455K01017
2026-05-25 12:41:15,273 - INFO - FETCHING day | BSE_EQ|INE455K01017 | 2023-12-31 to 2024-12-30
2026-05-25 12:41:24,020 - INFO - SUCCESS: Upserted 248 rows for BSE_EQ|INE455K01017
2026-05-25 12:41:24,554 - INFO - FETCHING day | BSE_EQ|INE455K01017 | 2024-12-30 to 2025-12-30
2026-05-25 12:41:33,067 - INFO - SUCCESS: Upserted 250 rows for BSE_EQ|INE455K01017
2026-05-25 12:41:33,599 - INFO - FETCHING day | BSE_EQ|INE455K01017 | 2025-12-30 to 2026-05-25
2026-05-25 12:41:36,992 - INFO - SUCCESS: Upserted 97 rows for BSE_EQ|INE455K01017
2026-05-25 12:41:38,015 - INFO - ⏳ Backfill Gap Detected for NSE_EQ|INE018A01030. Forcing lookup starting from 2018-01-01.
2026-05-25 12:41:38,015 - INFO - FETCHING day | NSE_EQ|INE018A01030 | 2018-01-01 to 2019-01-01
2026-05-25 12:41:46,193 - INFO - SUCCESS: Upserted 246 rows for NSE_EQ|INE018A01030
2026-05-25 12:41:46,726 - INFO - FETCHING day | NSE_EQ|INE018A01030 | 2019-01-01 to 2020-01-01
2026-05-25 12:41:55,111 - INFO - SUCCESS: Upserted 246 rows for NSE_EQ|INE018A01030
2026-05-25 12:41:55,641 - INFO - FETCHING day | NSE_EQ|INE018A01030 | 2020-01-01 to 2020-12-31
2026-05-25 12:42:04,488 - INFO - SUCCESS: Upserted 252 rows for NSE_EQ|INE018A01030
2026-05-25 12:42:05,019 - INFO - FETCHING day | NSE_EQ|INE018A01030 | 2020-12-31 to 2021-12-31
2026-05-25 12:42:12,912 - INFO - SUCCESS: Upserted 249 rows for NSE_EQ|INE018A01030
2026-05-25 12:42:13,443 - INFO - FETCHING day | NSE_EQ|INE018A01030 | 2021-12-31 to 2022-12-31
2026-05-25 12:42:21,725 - INFO - SUCCESS: Upserted 249 rows for NSE_EQ|INE018A01030
2026-05-25 12:42:22,256 - INFO - FETCHING day | NSE_EQ|INE018A01030 | 2022-12-31 to 2023-12-31
2026-05-25 12:42:30,022 - INFO - SUCCESS: Upserted 246 rows for NSE_EQ|INE018A01030
2026-05-25 12:42:30,553 - INFO - FETCHING day | NSE_EQ|INE018A01030 | 2023-12-31 to 2024-12-30
2026-05-25 12:42:38,649 - INFO - SUCCESS: Upserted 248 rows for NSE_EQ|INE018A01030
2026-05-25 12:42:39,194 - INFO - FETCHING day | NSE_EQ|INE018A01030 | 2024-12-30 to 2025-12-30
2026-05-25 12:42:47,433 - INFO - SUCCESS: Upserted 250 rows for NSE_EQ|INE018A01030
2026-05-25 12:42:47,965 - INFO - FETCHING day | NSE_EQ|INE018A01030 | 2025-12-30 to 2026-05-25
2026-05-25 12:42:52,771 - INFO - SUCCESS: Upserted 97 rows for NSE_EQ|INE018A01030
2026-05-25 12:42:53,768 - INFO - ⏳ Backfill Gap Detected for NSE_EQ|INE062A01020. Forcing lookup starting from 2018-01-01.
2026-05-25 12:42:53,769 - INFO - FETCHING day | NSE_EQ|INE062A01020 | 2018-01-01 to 2019-01-01
2026-05-25 12:43:02,896 - INFO - SUCCESS: Upserted 246 rows for NSE_EQ|INE062A01020
2026-05-25 12:43:03,431 - INFO - FETCHING day | NSE_EQ|INE062A01020 | 2019-01-01 to 2020-01-01
2026-05-25 12:43:11,242 - INFO - SUCCESS: Upserted 246 rows for NSE_EQ|INE062A01020
2026-05-25 12:43:11,777 - INFO - FETCHING day | NSE_EQ|INE062A01020 | 2020-01-01 to 2020-12-31
2026-05-25 12:43:20,400 - INFO - SUCCESS: Upserted 252 rows for NSE_EQ|INE062A01020
2026-05-25 12:43:20,932 - INFO - FETCHING day | NSE_EQ|INE062A01020 | 2020-12-31 to 2021-12-31
2026-05-25 12:43:29,520 - INFO - SUCCESS: Upserted 249 rows for NSE_EQ|INE062A01020
2026-05-25 12:43:30,052 - INFO - FETCHING day | NSE_EQ|INE062A01020 | 2021-12-31 to 2022-12-31
2026-05-25 12:43:40,873 - INFO - SUCCESS: Upserted 249 rows for NSE_EQ|INE062A01020
2026-05-25 12:43:41,409 - INFO - FETCHING day | NSE_EQ|INE062A01020 | 2022-12-31 to 2023-12-31
2026-05-25 12:43:49,353 - INFO - SUCCESS: Upserted 246 rows for NSE_EQ|INE062A01020
2026-05-25 12:43:49,889 - INFO - FETCHING day | NSE_EQ|INE062A01020 | 2023-12-31 to 2024-12-30
2026-05-25 12:43:58,044 - INFO - SUCCESS: Upserted 248 rows for NSE_EQ|INE062A01020
2026-05-25 12:43:58,575 - INFO - FETCHING day | NSE_EQ|INE062A01020 | 2024-12-30 to 2025-12-30
2026-05-25 12:44:07,036 - INFO - SUCCESS: Upserted 250 rows for NSE_EQ|INE062A01020
2026-05-25 12:44:07,568 - INFO - FETCHING day | NSE_EQ|INE062A01020 | 2025-12-30 to 2026-05-25
2026-05-25 12:44:10,692 - INFO - SUCCESS: Upserted 97 rows for NSE_EQ|INE062A01020
2026-05-25 12:44:11,692 - INFO - ⏳ Backfill Gap Detected for BSE_EQ|INE202E01016. Forcing lookup starting from 2018-01-01.
2026-05-25 12:44:11,693 - INFO - FETCHING day | BSE_EQ|INE202E01016 | 2018-01-01 to 2019-01-01
2026-05-25 12:44:11,763 - WARNING - No data for BSE_EQ|INE202E01016 in window 2018-01-01 to 2019-01-01. Skipping...
2026-05-25 12:44:12,264 - INFO - FETCHING day | BSE_EQ|INE202E01016 | 2019-01-01 to 2020-01-01
2026-05-25 12:44:12,332 - WARNING - No data for BSE_EQ|INE202E01016 in window 2019-01-01 to 2020-01-01. Skipping...
2026-05-25 12:44:12,834 - INFO - FETCHING day | BSE_EQ|INE202E01016 | 2020-01-01 to 2020-12-31
2026-05-25 12:44:12,907 - WARNING - No data for BSE_EQ|INE202E01016 in window 2020-01-01 to 2020-12-31. Skipping...
2026-05-25 12:44:13,408 - INFO - FETCHING day | BSE_EQ|INE202E01016 | 2020-12-31 to 2021-12-31
2026-05-25 12:44:13,477 - WARNING - No data for BSE_EQ|INE202E01016 in window 2020-12-31 to 2021-12-31. Skipping...
2026-05-25 12:44:13,978 - INFO - FETCHING day | BSE_EQ|INE202E01016 | 2021-12-31 to 2022-12-31
2026-05-25 12:44:14,038 - WARNING - No data for BSE_EQ|INE202E01016 in window 2021-12-31 to 2022-12-31. Skipping...
2026-05-25 12:44:14,539 - INFO - FETCHING day | BSE_EQ|INE202E01016 | 2022-12-31 to 2023-12-31
2026-05-25 12:44:15,380 - INFO - SUCCESS: Upserted 22 rows for BSE_EQ|INE202E01016
2026-05-25 12:44:15,917 - INFO - FETCHING day | BSE_EQ|INE202E01016 | 2023-12-31 to 2024-12-30
2026-05-25 12:44:24,394 - INFO - SUCCESS: Upserted 248 rows for BSE_EQ|INE202E01016
2026-05-25 12:44:24,929 - INFO - FETCHING day | BSE_EQ|INE202E01016 | 2024-12-30 to 2025-12-30
2026-05-25 12:44:33,138 - INFO - SUCCESS: Upserted 250 rows for BSE_EQ|INE202E01016
2026-05-25 12:44:33,665 - INFO - FETCHING day | BSE_EQ|INE202E01016 | 2025-12-30 to 2026-05-25
2026-05-25 12:44:37,178 - INFO - SUCCESS: Upserted 97 rows for BSE_EQ|INE202E01016
2026-05-25 12:44:38,170 - INFO - ⏳ Backfill Gap Detected for BSE_EQ|INE002A01018. Forcing lookup starting from 2018-01-01.
2026-05-25 12:44:38,171 - INFO - FETCHING day | BSE_EQ|INE002A01018 | 2018-01-01 to 2019-01-01
2026-05-25 12:44:46,788 - INFO - SUCCESS: Upserted 247 rows for BSE_EQ|INE002A01018
2026-05-25 12:44:47,329 - INFO - FETCHING day | BSE_EQ|INE002A01018 | 2019-01-01 to 2020-01-01
2026-05-25 12:44:55,636 - INFO - SUCCESS: Upserted 246 rows for BSE_EQ|INE002A01018
2026-05-25 12:44:56,173 - INFO - FETCHING day | BSE_EQ|INE002A01018 | 2020-01-01 to 2020-12-31
2026-05-25 12:45:04,223 - INFO - SUCCESS: Upserted 252 rows for BSE_EQ|INE002A01018
2026-05-25 12:45:04,752 - INFO - FETCHING day | BSE_EQ|INE002A01018 | 2020-12-31 to 2021-12-31
2026-05-25 12:45:13,103 - INFO - SUCCESS: Upserted 249 rows for BSE_EQ|INE002A01018
2026-05-25 12:45:13,632 - INFO - FETCHING day | BSE_EQ|INE002A01018 | 2021-12-31 to 2022-12-31
2026-05-25 12:45:21,918 - INFO - SUCCESS: Upserted 249 rows for BSE_EQ|INE002A01018
2026-05-25 12:45:22,464 - INFO - FETCHING day | BSE_EQ|INE002A01018 | 2022-12-31 to 2023-12-31
2026-05-25 12:45:29,950 - INFO - SUCCESS: Upserted 246 rows for BSE_EQ|INE002A01018
2026-05-25 12:45:30,478 - INFO - FETCHING day | BSE_EQ|INE002A01018 | 2023-12-31 to 2024-12-30
2026-05-25 12:45:37,956 - INFO - SUCCESS: Upserted 248 rows for BSE_EQ|INE002A01018
2026-05-25 12:45:38,485 - INFO - FETCHING day | BSE_EQ|INE002A01018 | 2024-12-30 to 2025-12-30
2026-05-25 12:45:46,176 - INFO - SUCCESS: Upserted 250 rows for BSE_EQ|INE002A01018
2026-05-25 12:45:46,704 - INFO - FETCHING day | BSE_EQ|INE002A01018 | 2025-12-30 to 2026-05-25
2026-05-25 12:45:49,629 - INFO - SUCCESS: Upserted 97 rows for BSE_EQ|INE002A01018
2026-05-25 12:45:50,664 - INFO - ⏳ Backfill Gap Detected for NSE_EQ|INE202E01016. Forcing lookup starting from 2018-01-01.
2026-05-25 12:45:50,665 - INFO - FETCHING day | NSE_EQ|INE202E01016 | 2018-01-01 to 2019-01-01
2026-05-25 12:45:50,727 - WARNING - No data for NSE_EQ|INE202E01016 in window 2018-01-01 to 2019-01-01. Skipping...
2026-05-25 12:45:51,230 - INFO - FETCHING day | NSE_EQ|INE202E01016 | 2019-01-01 to 2020-01-01
2026-05-25 12:45:51,299 - WARNING - No data for NSE_EQ|INE202E01016 in window 2019-01-01 to 2020-01-01. Skipping...
2026-05-25 12:45:51,801 - INFO - FETCHING day | NSE_EQ|INE202E01016 | 2020-01-01 to 2020-12-31
2026-05-25 12:45:51,871 - WARNING - No data for NSE_EQ|INE202E01016 in window 2020-01-01 to 2020-12-31. Skipping...
2026-05-25 12:45:52,372 - INFO - FETCHING day | NSE_EQ|INE202E01016 | 2020-12-31 to 2021-12-31
2026-05-25 12:45:52,437 - WARNING - No data for NSE_EQ|INE202E01016 in window 2020-12-31 to 2021-12-31. Skipping...
2026-05-25 12:45:52,938 - INFO - FETCHING day | NSE_EQ|INE202E01016 | 2021-12-31 to 2022-12-31
2026-05-25 12:45:52,997 - WARNING - No data for NSE_EQ|INE202E01016 in window 2021-12-31 to 2022-12-31. Skipping...
2026-05-25 12:45:53,498 - INFO - FETCHING day | NSE_EQ|INE202E01016 | 2022-12-31 to 2023-12-31
2026-05-25 12:45:54,294 - INFO - SUCCESS: Upserted 22 rows for NSE_EQ|INE202E01016
2026-05-25 12:45:54,823 - INFO - FETCHING day | NSE_EQ|INE202E01016 | 2023-12-31 to 2024-12-30
2026-05-25 12:46:02,646 - INFO - SUCCESS: Upserted 248 rows for NSE_EQ|INE202E01016
2026-05-25 12:46:03,174 - INFO - FETCHING day | NSE_EQ|INE202E01016 | 2024-12-30 to 2025-12-30
2026-05-25 12:46:11,393 - INFO - SUCCESS: Upserted 250 rows for NSE_EQ|INE202E01016
2026-05-25 12:46:11,922 - INFO - FETCHING day | NSE_EQ|INE202E01016 | 2025-12-30 to 2026-05-25
2026-05-25 12:46:15,199 - INFO - SUCCESS: Upserted 97 rows for NSE_EQ|INE202E01016
2026-05-25 12:46:16,223 - INFO - ⏳ Backfill Gap Detected for BSE_EQ|INE009A01021. Forcing lookup starting from 2018-01-01.
2026-05-25 12:46:16,223 - INFO - FETCHING day | BSE_EQ|INE009A01021 | 2018-01-01 to 2019-01-01
2026-05-25 12:46:23,724 - INFO - SUCCESS: Upserted 247 rows for BSE_EQ|INE009A01021
2026-05-25 12:46:24,253 - INFO - FETCHING day | BSE_EQ|INE009A01021 | 2019-01-01 to 2020-01-01
2026-05-25 12:46:32,072 - INFO - SUCCESS: Upserted 246 rows for BSE_EQ|INE009A01021
2026-05-25 12:46:32,617 - INFO - FETCHING day | BSE_EQ|INE009A01021 | 2020-01-01 to 2020-12-31
2026-05-25 12:46:41,083 - INFO - SUCCESS: Upserted 252 rows for BSE_EQ|INE009A01021
2026-05-25 12:46:41,620 - INFO - FETCHING day | BSE_EQ|INE009A01021 | 2020-12-31 to 2021-12-31
2026-05-25 12:46:49,674 - INFO - SUCCESS: Upserted 249 rows for BSE_EQ|INE009A01021
2026-05-25 12:46:50,210 - INFO - FETCHING day | BSE_EQ|INE009A01021 | 2021-12-31 to 2022-12-31
2026-05-25 12:46:59,322 - INFO - SUCCESS: Upserted 249 rows for BSE_EQ|INE009A01021
2026-05-25 12:46:59,867 - INFO - FETCHING day | BSE_EQ|INE009A01021 | 2022-12-31 to 2023-12-31
2026-05-25 12:47:08,075 - INFO - SUCCESS: Upserted 246 rows for BSE_EQ|INE009A01021
2026-05-25 12:47:08,606 - INFO - FETCHING day | BSE_EQ|INE009A01021 | 2023-12-31 to 2024-12-30
2026-05-25 12:47:16,757 - INFO - SUCCESS: Upserted 248 rows for BSE_EQ|INE009A01021
2026-05-25 12:47:17,289 - INFO - FETCHING day | BSE_EQ|INE009A01021 | 2024-12-30 to 2025-12-30
2026-05-25 12:47:25,505 - INFO - SUCCESS: Upserted 250 rows for BSE_EQ|INE009A01021
2026-05-25 12:47:26,052 - INFO - FETCHING day | BSE_EQ|INE009A01021 | 2025-12-30 to 2026-05-25
2026-05-25 12:47:29,301 - INFO - SUCCESS: Upserted 97 rows for BSE_EQ|INE009A01021
2026-05-25 12:47:30,287 - INFO - ⏳ Backfill Gap Detected for NSE_EQ|INE030A01027. Forcing lookup starting from 2018-01-01.
2026-05-25 12:47:30,288 - INFO - FETCHING day | NSE_EQ|INE030A01027 | 2018-01-01 to 2019-01-01
2026-05-25 12:47:38,520 - INFO - SUCCESS: Upserted 246 rows for NSE_EQ|INE030A01027
2026-05-25 12:47:39,060 - INFO - FETCHING day | NSE_EQ|INE030A01027 | 2019-01-01 to 2020-01-01
2026-05-25 12:47:47,031 - INFO - SUCCESS: Upserted 246 rows for NSE_EQ|INE030A01027
2026-05-25 12:47:47,568 - INFO - FETCHING day | NSE_EQ|INE030A01027 | 2020-01-01 to 2020-12-31
2026-05-25 12:47:56,440 - INFO - SUCCESS: Upserted 252 rows for NSE_EQ|INE030A01027
2026-05-25 12:47:56,971 - INFO - FETCHING day | NSE_EQ|INE030A01027 | 2020-12-31 to 2021-12-31
2026-05-25 12:48:05,242 - INFO - SUCCESS: Upserted 249 rows for NSE_EQ|INE030A01027
2026-05-25 12:48:05,780 - INFO - FETCHING day | NSE_EQ|INE030A01027 | 2021-12-31 to 2022-12-31
2026-05-25 12:48:14,190 - INFO - SUCCESS: Upserted 249 rows for NSE_EQ|INE030A01027
2026-05-25 12:48:14,722 - INFO - FETCHING day | NSE_EQ|INE030A01027 | 2022-12-31 to 2023-12-31
2026-05-25 12:48:23,010 - INFO - SUCCESS: Upserted 246 rows for NSE_EQ|INE030A01027
2026-05-25 12:48:23,549 - INFO - FETCHING day | NSE_EQ|INE030A01027 | 2023-12-31 to 2024-12-30
2026-05-25 12:48:31,740 - INFO - SUCCESS: Upserted 248 rows for NSE_EQ|INE030A01027
2026-05-25 12:48:32,269 - INFO - FETCHING day | NSE_EQ|INE030A01027 | 2024-12-30 to 2025-12-30
2026-05-25 12:48:40,743 - INFO - SUCCESS: Upserted 250 rows for NSE_EQ|INE030A01027
2026-05-25 12:48:41,275 - INFO - FETCHING day | NSE_EQ|INE030A01027 | 2025-12-30 to 2026-05-25
2026-05-25 12:48:45,029 - INFO - SUCCESS: Upserted 97 rows for NSE_EQ|INE030A01027
2026-05-25 12:48:46,149 - INFO - ⏳ Backfill Gap Detected for NSE_INDEX|Nifty 50. Forcing lookup starting from 2018-01-01.
2026-05-25 12:48:46,150 - INFO - FETCHING day | NSE_INDEX|Nifty 50 | 2018-01-01 to 2019-01-01
2026-05-25 12:48:54,383 - INFO - SUCCESS: Upserted 247 rows for NSE_INDEX|Nifty 50
2026-05-25 12:48:54,932 - INFO - FETCHING day | NSE_INDEX|Nifty 50 | 2019-01-01 to 2020-01-01
2026-05-25 12:49:03,555 - INFO - SUCCESS: Upserted 246 rows for NSE_INDEX|Nifty 50
2026-05-25 12:49:04,084 - INFO - FETCHING day | NSE_INDEX|Nifty 50 | 2020-01-01 to 2020-12-31
2026-05-25 12:49:12,878 - INFO - SUCCESS: Upserted 252 rows for NSE_INDEX|Nifty 50
2026-05-25 12:49:13,417 - INFO - FETCHING day | NSE_INDEX|Nifty 50 | 2020-12-31 to 2021-12-31
2026-05-25 12:49:21,992 - INFO - SUCCESS: Upserted 249 rows for NSE_INDEX|Nifty 50
2026-05-25 12:49:22,535 - INFO - FETCHING day | NSE_INDEX|Nifty 50 | 2021-12-31 to 2022-12-31
2026-05-25 12:49:30,533 - INFO - SUCCESS: Upserted 249 rows for NSE_INDEX|Nifty 50
2026-05-25 12:49:31,086 - INFO - FETCHING day | NSE_INDEX|Nifty 50 | 2022-12-31 to 2023-12-31
2026-05-25 12:49:39,451 - INFO - SUCCESS: Upserted 246 rows for NSE_INDEX|Nifty 50
2026-05-25 12:49:39,989 - INFO - FETCHING day | NSE_INDEX|Nifty 50 | 2023-12-31 to 2024-12-30
2026-05-25 12:49:48,113 - INFO - SUCCESS: Upserted 248 rows for NSE_INDEX|Nifty 50
2026-05-25 12:49:48,643 - INFO - FETCHING day | NSE_INDEX|Nifty 50 | 2024-12-30 to 2025-12-30
2026-05-25 12:49:56,952 - INFO - SUCCESS: Upserted 250 rows for NSE_INDEX|Nifty 50
2026-05-25 12:49:57,485 - INFO - FETCHING day | NSE_INDEX|Nifty 50 | 2025-12-30 to 2026-05-25
2026-05-25 12:50:00,660 - INFO - SUCCESS: Upserted 97 rows for NSE_INDEX|Nifty 50
2026-05-25 12:50:01,659 - INFO - ⏳ Backfill Gap Detected for BSE_EQ|INE044A01036. Forcing lookup starting from 2018-01-01.
2026-05-25 12:50:01,659 - INFO - FETCHING day | BSE_EQ|INE044A01036 | 2018-01-01 to 2019-01-01
2026-05-25 12:50:12,936 - INFO - SUCCESS: Upserted 247 rows for BSE_EQ|INE044A01036
2026-05-25 12:50:13,473 - INFO - FETCHING day | BSE_EQ|INE044A01036 | 2019-01-01 to 2020-01-01
2026-05-25 12:50:21,358 - INFO - SUCCESS: Upserted 246 rows for BSE_EQ|INE044A01036
2026-05-25 12:50:21,893 - INFO - FETCHING day | BSE_EQ|INE044A01036 | 2020-01-01 to 2020-12-31
2026-05-25 12:50:30,032 - INFO - SUCCESS: Upserted 252 rows for BSE_EQ|INE044A01036
2026-05-25 12:50:30,575 - INFO - FETCHING day | BSE_EQ|INE044A01036 | 2020-12-31 to 2021-12-31
2026-05-25 12:50:41,115 - INFO - SUCCESS: Upserted 249 rows for BSE_EQ|INE044A01036
2026-05-25 12:50:41,646 - INFO - FETCHING day | BSE_EQ|INE044A01036 | 2021-12-31 to 2022-12-31
2026-05-25 12:50:52,463 - INFO - SUCCESS: Upserted 249 rows for BSE_EQ|INE044A01036
2026-05-25 12:50:52,999 - INFO - FETCHING day | BSE_EQ|INE044A01036 | 2022-12-31 to 2023-12-31
2026-05-25 12:51:01,443 - INFO - SUCCESS: Upserted 246 rows for BSE_EQ|INE044A01036
2026-05-25 12:51:01,971 - INFO - FETCHING day | BSE_EQ|INE044A01036 | 2023-12-31 to 2024-12-30
2026-05-25 12:51:10,458 - INFO - SUCCESS: Upserted 248 rows for BSE_EQ|INE044A01036
2026-05-25 12:51:10,995 - INFO - FETCHING day | BSE_EQ|INE044A01036 | 2024-12-30 to 2025-12-30
2026-05-25 12:51:19,532 - INFO - SUCCESS: Upserted 250 rows for BSE_EQ|INE044A01036
2026-05-25 12:51:20,062 - INFO - FETCHING day | BSE_EQ|INE044A01036 | 2025-12-30 to 2026-05-25
2026-05-25 12:51:23,285 - INFO - SUCCESS: Upserted 97 rows for BSE_EQ|INE044A01036
2026-05-25 12:51:24,369 - INFO - ⏳ Backfill Gap Detected for NSE_EQ|INE009A01021. Forcing lookup starting from 2018-01-01.
2026-05-25 12:51:24,370 - INFO - FETCHING day | NSE_EQ|INE009A01021 | 2018-01-01 to 2019-01-01
2026-05-25 12:51:33,050 - INFO - SUCCESS: Upserted 246 rows for NSE_EQ|INE009A01021
2026-05-25 12:51:33,580 - INFO - FETCHING day | NSE_EQ|INE009A01021 | 2019-01-01 to 2020-01-01
2026-05-25 12:51:42,505 - INFO - SUCCESS: Upserted 246 rows for NSE_EQ|INE009A01021
2026-05-25 12:51:43,039 - INFO - FETCHING day | NSE_EQ|INE009A01021 | 2020-01-01 to 2020-12-31
2026-05-25 12:51:52,336 - INFO - SUCCESS: Upserted 252 rows for NSE_EQ|INE009A01021
2026-05-25 12:51:52,870 - INFO - FETCHING day | NSE_EQ|INE009A01021 | 2020-12-31 to 2021-12-31
2026-05-25 12:52:01,008 - INFO - SUCCESS: Upserted 249 rows for NSE_EQ|INE009A01021
2026-05-25 12:52:01,545 - INFO - FETCHING day | NSE_EQ|INE009A01021 | 2021-12-31 to 2022-12-31
2026-05-25 12:52:09,772 - INFO - SUCCESS: Upserted 249 rows for NSE_EQ|INE009A01021
2026-05-25 12:52:10,302 - INFO - FETCHING day | NSE_EQ|INE009A01021 | 2022-12-31 to 2023-12-31
2026-05-25 12:52:18,528 - INFO - SUCCESS: Upserted 246 rows for NSE_EQ|INE009A01021
2026-05-25 12:52:19,059 - INFO - FETCHING day | NSE_EQ|INE009A01021 | 2023-12-31 to 2024-12-30
2026-05-25 12:52:26,754 - INFO - SUCCESS: Upserted 248 rows for NSE_EQ|INE009A01021
2026-05-25 12:52:27,296 - INFO - FETCHING day | NSE_EQ|INE009A01021 | 2024-12-30 to 2025-12-30
2026-05-25 12:52:36,790 - INFO - SUCCESS: Upserted 250 rows for NSE_EQ|INE009A01021
2026-05-25 12:52:37,323 - INFO - FETCHING day | NSE_EQ|INE009A01021 | 2025-12-30 to 2026-05-25
2026-05-25 12:52:40,712 - INFO - SUCCESS: Upserted 97 rows for NSE_EQ|INE009A01021
2026-05-25 12:52:41,743 - INFO - ⏳ Backfill Gap Detected for BSE_EQ|INE238A01034. Forcing lookup starting from 2018-01-01.
2026-05-25 12:52:41,744 - INFO - FETCHING day | BSE_EQ|INE238A01034 | 2018-01-01 to 2019-01-01
2026-05-25 12:52:51,937 - INFO - SUCCESS: Upserted 247 rows for BSE_EQ|INE238A01034
2026-05-25 12:52:52,466 - INFO - FETCHING day | BSE_EQ|INE238A01034 | 2019-01-01 to 2020-01-01
2026-05-25 12:53:00,347 - INFO - SUCCESS: Upserted 246 rows for BSE_EQ|INE238A01034
2026-05-25 12:53:00,888 - INFO - FETCHING day | BSE_EQ|INE238A01034 | 2020-01-01 to 2020-12-31
2026-05-25 12:53:10,231 - INFO - SUCCESS: Upserted 252 rows for BSE_EQ|INE238A01034
2026-05-25 12:53:10,768 - INFO - FETCHING day | BSE_EQ|INE238A01034 | 2020-12-31 to 2021-12-31
2026-05-25 12:53:18,772 - INFO - SUCCESS: Upserted 249 rows for BSE_EQ|INE238A01034
2026-05-25 12:53:19,302 - INFO - FETCHING day | BSE_EQ|INE238A01034 | 2021-12-31 to 2022-12-31
2026-05-25 12:53:27,433 - INFO - SUCCESS: Upserted 249 rows for BSE_EQ|INE238A01034
2026-05-25 12:53:27,965 - INFO - FETCHING day | BSE_EQ|INE238A01034 | 2022-12-31 to 2023-12-31
2026-05-25 12:53:36,346 - INFO - SUCCESS: Upserted 246 rows for BSE_EQ|INE238A01034
2026-05-25 12:53:36,878 - INFO - FETCHING day | BSE_EQ|INE238A01034 | 2023-12-31 to 2024-12-30
2026-05-25 12:53:45,355 - INFO - SUCCESS: Upserted 248 rows for BSE_EQ|INE238A01034
2026-05-25 12:53:45,889 - INFO - FETCHING day | BSE_EQ|INE238A01034 | 2024-12-30 to 2025-12-30
2026-05-25 12:53:57,088 - INFO - SUCCESS: Upserted 250 rows for BSE_EQ|INE238A01034
2026-05-25 12:53:57,639 - INFO - FETCHING day | BSE_EQ|INE238A01034 | 2025-12-30 to 2026-05-25
2026-05-25 12:54:00,826 - INFO - SUCCESS: Upserted 97 rows for BSE_EQ|INE238A01034
2026-05-25 12:54:02,031 - INFO - ⏳ Backfill Gap Detected for NSE_EQ|INE397D01024. Forcing lookup starting from 2018-01-01.
2026-05-25 12:54:02,032 - INFO - FETCHING day | NSE_EQ|INE397D01024 | 2018-01-01 to 2019-01-01
2026-05-25 12:54:10,164 - INFO - SUCCESS: Upserted 246 rows for NSE_EQ|INE397D01024
2026-05-25 12:54:10,691 - INFO - FETCHING day | NSE_EQ|INE397D01024 | 2019-01-01 to 2020-01-01
2026-05-25 12:54:18,467 - INFO - SUCCESS: Upserted 246 rows for NSE_EQ|INE397D01024
2026-05-25 12:54:19,009 - INFO - FETCHING day | NSE_EQ|INE397D01024 | 2020-01-01 to 2020-12-31
2026-05-25 12:54:27,475 - INFO - SUCCESS: Upserted 252 rows for NSE_EQ|INE397D01024
2026-05-25 12:54:28,005 - INFO - FETCHING day | NSE_EQ|INE397D01024 | 2020-12-31 to 2021-12-31
2026-05-25 12:54:36,515 - INFO - SUCCESS: Upserted 249 rows for NSE_EQ|INE397D01024
2026-05-25 12:54:37,056 - INFO - FETCHING day | NSE_EQ|INE397D01024 | 2021-12-31 to 2022-12-31
2026-05-25 12:54:46,021 - INFO - SUCCESS: Upserted 249 rows for NSE_EQ|INE397D01024
2026-05-25 12:54:46,555 - INFO - FETCHING day | NSE_EQ|INE397D01024 | 2022-12-31 to 2023-12-31
2026-05-25 12:54:54,742 - INFO - SUCCESS: Upserted 246 rows for NSE_EQ|INE397D01024
2026-05-25 12:54:55,282 - INFO - FETCHING day | NSE_EQ|INE397D01024 | 2023-12-31 to 2024-12-30
2026-05-25 12:55:03,258 - INFO - SUCCESS: Upserted 248 rows for NSE_EQ|INE397D01024
2026-05-25 12:55:03,787 - INFO - FETCHING day | NSE_EQ|INE397D01024 | 2024-12-30 to 2025-12-30
2026-05-25 12:55:12,308 - INFO - SUCCESS: Upserted 250 rows for NSE_EQ|INE397D01024
2026-05-25 12:55:12,837 - INFO - FETCHING day | NSE_EQ|INE397D01024 | 2025-12-30 to 2026-05-25
2026-05-25 12:55:15,987 - INFO - SUCCESS: Upserted 97 rows for NSE_EQ|INE397D01024
2026-05-25 12:55:17,021 - INFO - ⏳ Backfill Gap Detected for BSE_EQ|INE209L01016. Forcing lookup starting from 2018-01-01.
2026-05-25 12:55:17,021 - INFO - FETCHING day | BSE_EQ|INE209L01016 | 2018-01-01 to 2019-01-01
2026-05-25 12:55:25,138 - INFO - SUCCESS: Upserted 245 rows for BSE_EQ|INE209L01016
2026-05-25 12:55:25,665 - INFO - FETCHING day | BSE_EQ|INE209L01016 | 2019-01-01 to 2020-01-01
2026-05-25 12:55:33,631 - INFO - SUCCESS: Upserted 241 rows for BSE_EQ|INE209L01016
2026-05-25 12:55:34,169 - INFO - FETCHING day | BSE_EQ|INE209L01016 | 2020-01-01 to 2020-12-31
2026-05-25 12:55:42,479 - INFO - SUCCESS: Upserted 251 rows for BSE_EQ|INE209L01016
2026-05-25 12:55:43,017 - INFO - FETCHING day | BSE_EQ|INE209L01016 | 2020-12-31 to 2021-12-31
2026-05-25 12:55:50,912 - INFO - SUCCESS: Upserted 249 rows for BSE_EQ|INE209L01016
2026-05-25 12:55:51,444 - INFO - FETCHING day | BSE_EQ|INE209L01016 | 2021-12-31 to 2022-12-31
2026-05-25 12:55:59,471 - INFO - SUCCESS: Upserted 249 rows for BSE_EQ|INE209L01016
2026-05-25 12:56:00,008 - INFO - FETCHING day | BSE_EQ|INE209L01016 | 2022-12-31 to 2023-12-31
2026-05-25 12:56:07,593 - INFO - SUCCESS: Upserted 246 rows for BSE_EQ|INE209L01016
2026-05-25 12:56:08,135 - INFO - FETCHING day | BSE_EQ|INE209L01016 | 2023-12-31 to 2024-12-30
2026-05-25 12:56:16,187 - INFO - SUCCESS: Upserted 248 rows for BSE_EQ|INE209L01016
2026-05-25 12:56:16,734 - INFO - FETCHING day | BSE_EQ|INE209L01016 | 2024-12-30 to 2025-12-30
2026-05-25 12:56:25,077 - INFO - SUCCESS: Upserted 250 rows for BSE_EQ|INE209L01016
2026-05-25 12:56:25,608 - INFO - FETCHING day | BSE_EQ|INE209L01016 | 2025-12-30 to 2026-05-25
2026-05-25 12:56:28,744 - INFO - SUCCESS: Upserted 97 rows for BSE_EQ|INE209L01016
2026-05-25 12:56:29,809 - INFO - ⏳ Backfill Gap Detected for NSE_EQ|INE031A01017. Forcing lookup starting from 2018-01-01.
2026-05-25 12:56:29,810 - INFO - FETCHING day | NSE_EQ|INE031A01017 | 2018-01-01 to 2019-01-01
2026-05-25 12:56:37,752 - INFO - SUCCESS: Upserted 246 rows for NSE_EQ|INE031A01017
2026-05-25 12:56:38,297 - INFO - FETCHING day | NSE_EQ|INE031A01017 | 2019-01-01 to 2020-01-01
2026-05-25 12:56:46,566 - INFO - SUCCESS: Upserted 246 rows for NSE_EQ|INE031A01017
2026-05-25 12:56:47,100 - INFO - FETCHING day | NSE_EQ|INE031A01017 | 2020-01-01 to 2020-12-31
2026-05-25 12:56:55,932 - INFO - SUCCESS: Upserted 252 rows for NSE_EQ|INE031A01017
2026-05-25 12:56:56,461 - INFO - FETCHING day | NSE_EQ|INE031A01017 | 2020-12-31 to 2021-12-31
2026-05-25 12:57:05,096 - INFO - SUCCESS: Upserted 249 rows for NSE_EQ|INE031A01017
2026-05-25 12:57:05,634 - INFO - FETCHING day | NSE_EQ|INE031A01017 | 2021-12-31 to 2022-12-31
2026-05-25 12:57:13,668 - INFO - SUCCESS: Upserted 249 rows for NSE_EQ|INE031A01017
2026-05-25 12:57:14,200 - INFO - FETCHING day | NSE_EQ|INE031A01017 | 2022-12-31 to 2023-12-31
2026-05-25 12:57:22,251 - INFO - SUCCESS: Upserted 246 rows for NSE_EQ|INE031A01017
2026-05-25 12:57:22,787 - INFO - FETCHING day | NSE_EQ|INE031A01017 | 2023-12-31 to 2024-12-30
2026-05-25 12:57:30,553 - INFO - SUCCESS: Upserted 248 rows for NSE_EQ|INE031A01017
2026-05-25 12:57:31,084 - INFO - FETCHING day | NSE_EQ|INE031A01017 | 2024-12-30 to 2025-12-30
2026-05-25 12:57:37,976 - INFO - SUCCESS: Upserted 250 rows for NSE_EQ|INE031A01017
2026-05-25 12:57:38,505 - INFO - FETCHING day | NSE_EQ|INE031A01017 | 2025-12-30 to 2026-05-25
2026-05-25 12:57:41,265 - INFO - SUCCESS: Upserted 97 rows for NSE_EQ|INE031A01017
2026-05-25 12:57:42,310 - INFO - ⏳ Backfill Gap Detected for BSE_EQ|INE415G01027. Forcing lookup starting from 2018-01-01.
2026-05-25 12:57:42,312 - INFO - FETCHING day | BSE_EQ|INE415G01027 | 2018-01-01 to 2019-01-01
2026-05-25 12:57:42,383 - WARNING - No data for BSE_EQ|INE415G01027 in window 2018-01-01 to 2019-01-01. Skipping...
2026-05-25 12:57:42,884 - INFO - FETCHING day | BSE_EQ|INE415G01027 | 2019-01-01 to 2020-01-01
2026-05-25 12:57:47,946 - INFO - SUCCESS: Upserted 176 rows for BSE_EQ|INE415G01027
2026-05-25 12:57:48,478 - INFO - FETCHING day | BSE_EQ|INE415G01027 | 2020-01-01 to 2020-12-31
2026-05-25 12:57:56,178 - INFO - SUCCESS: Upserted 252 rows for BSE_EQ|INE415G01027
2026-05-25 12:57:56,707 - INFO - FETCHING day | BSE_EQ|INE415G01027 | 2020-12-31 to 2021-12-31
2026-05-25 12:58:03,695 - INFO - SUCCESS: Upserted 249 rows for BSE_EQ|INE415G01027
2026-05-25 12:58:04,221 - INFO - FETCHING day | BSE_EQ|INE415G01027 | 2021-12-31 to 2022-12-31
2026-05-25 12:58:11,184 - INFO - SUCCESS: Upserted 249 rows for BSE_EQ|INE415G01027
2026-05-25 12:58:11,714 - INFO - FETCHING day | BSE_EQ|INE415G01027 | 2022-12-31 to 2023-12-31
2026-05-25 12:58:19,046 - INFO - SUCCESS: Upserted 246 rows for BSE_EQ|INE415G01027
2026-05-25 12:58:19,579 - INFO - FETCHING day | BSE_EQ|INE415G01027 | 2023-12-31 to 2024-12-30
2026-05-25 12:58:27,849 - INFO - SUCCESS: Upserted 248 rows for BSE_EQ|INE415G01027
2026-05-25 12:58:28,378 - INFO - FETCHING day | BSE_EQ|INE415G01027 | 2024-12-30 to 2025-12-30
2026-05-25 12:58:35,999 - INFO - SUCCESS: Upserted 250 rows for BSE_EQ|INE415G01027
2026-05-25 12:58:36,527 - INFO - FETCHING day | BSE_EQ|INE415G01027 | 2025-12-30 to 2026-05-25
2026-05-25 12:58:39,665 - INFO - SUCCESS: Upserted 97 rows for BSE_EQ|INE415G01027
2026-05-25 12:58:40,960 - INFO - ⏳ Backfill Gap Detected for BSE_EQ|INE040A01034. Forcing lookup starting from 2018-01-01.
2026-05-25 12:58:40,961 - INFO - FETCHING day | BSE_EQ|INE040A01034 | 2018-01-01 to 2019-01-01
2026-05-25 12:58:47,894 - INFO - SUCCESS: Upserted 247 rows for BSE_EQ|INE040A01034
2026-05-25 12:58:48,423 - INFO - FETCHING day | BSE_EQ|INE040A01034 | 2019-01-01 to 2020-01-01
2026-05-25 12:58:55,627 - INFO - SUCCESS: Upserted 246 rows for BSE_EQ|INE040A01034
2026-05-25 12:58:56,156 - INFO - FETCHING day | BSE_EQ|INE040A01034 | 2020-01-01 to 2020-12-31
2026-05-25 12:59:03,475 - INFO - SUCCESS: Upserted 252 rows for BSE_EQ|INE040A01034
2026-05-25 12:59:04,009 - INFO - FETCHING day | BSE_EQ|INE040A01034 | 2020-12-31 to 2021-12-31
2026-05-25 12:59:11,608 - INFO - SUCCESS: Upserted 249 rows for BSE_EQ|INE040A01034
2026-05-25 12:59:12,137 - INFO - FETCHING day | BSE_EQ|INE040A01034 | 2021-12-31 to 2022-12-31
2026-05-25 12:59:19,205 - INFO - SUCCESS: Upserted 249 rows for BSE_EQ|INE040A01034
2026-05-25 12:59:19,734 - INFO - FETCHING day | BSE_EQ|INE040A01034 | 2022-12-31 to 2023-12-31
2026-05-25 12:59:26,996 - INFO - SUCCESS: Upserted 246 rows for BSE_EQ|INE040A01034
2026-05-25 12:59:27,524 - INFO - FETCHING day | BSE_EQ|INE040A01034 | 2023-12-31 to 2024-12-30
2026-05-25 12:59:35,030 - INFO - SUCCESS: Upserted 248 rows for BSE_EQ|INE040A01034
2026-05-25 12:59:35,559 - INFO - FETCHING day | BSE_EQ|INE040A01034 | 2024-12-30 to 2025-12-30
2026-05-25 12:59:42,947 - INFO - SUCCESS: Upserted 250 rows for BSE_EQ|INE040A01034
2026-05-25 12:59:43,475 - INFO - FETCHING day | BSE_EQ|INE040A01034 | 2025-12-30 to 2026-05-25
2026-05-25 12:59:46,285 - INFO - SUCCESS: Upserted 97 rows for BSE_EQ|INE040A01034
2026-05-25 12:59:47,334 - INFO - ⏳ Backfill Gap Detected for BSE_EQ|INE030A01027. Forcing lookup starting from 2018-01-01.
2026-05-25 12:59:47,334 - INFO - FETCHING day | BSE_EQ|INE030A01027 | 2018-01-01 to 2019-01-01
2026-05-25 12:59:54,767 - INFO - SUCCESS: Upserted 247 rows for BSE_EQ|INE030A01027
2026-05-25 12:59:55,297 - INFO - FETCHING day | BSE_EQ|INE030A01027 | 2019-01-01 to 2020-01-01
2026-05-25 13:00:02,928 - INFO - SUCCESS: Upserted 246 rows for BSE_EQ|INE030A01027
2026-05-25 13:00:03,473 - INFO - FETCHING day | BSE_EQ|INE030A01027 | 2020-01-01 to 2020-12-31
2026-05-25 13:00:10,954 - INFO - SUCCESS: Upserted 252 rows for BSE_EQ|INE030A01027
2026-05-25 13:00:11,484 - INFO - FETCHING day | BSE_EQ|INE030A01027 | 2020-12-31 to 2021-12-31
2026-05-25 13:00:21,972 - INFO - SUCCESS: Upserted 249 rows for BSE_EQ|INE030A01027
2026-05-25 13:00:22,503 - INFO - FETCHING day | BSE_EQ|INE030A01027 | 2021-12-31 to 2022-12-31
2026-05-25 13:00:31,657 - INFO - SUCCESS: Upserted 249 rows for BSE_EQ|INE030A01027
2026-05-25 13:00:32,190 - INFO - FETCHING day | BSE_EQ|INE030A01027 | 2022-12-31 to 2023-12-31
2026-05-25 13:00:39,085 - INFO - SUCCESS: Upserted 246 rows for BSE_EQ|INE030A01027
2026-05-25 13:00:39,615 - INFO - FETCHING day | BSE_EQ|INE030A01027 | 2023-12-31 to 2024-12-30
2026-05-25 13:00:47,589 - INFO - SUCCESS: Upserted 248 rows for BSE_EQ|INE030A01027
2026-05-25 13:00:48,117 - INFO - FETCHING day | BSE_EQ|INE030A01027 | 2024-12-30 to 2025-12-30
2026-05-25 13:00:56,320 - INFO - SUCCESS: Upserted 250 rows for BSE_EQ|INE030A01027
2026-05-25 13:00:56,853 - INFO - FETCHING day | BSE_EQ|INE030A01027 | 2025-12-30 to 2026-05-25
2026-05-25 13:00:59,557 - INFO - SUCCESS: Upserted 97 rows for BSE_EQ|INE030A01027
2026-05-25 13:01:00,552 - INFO - ⏳ Backfill Gap Detected for NSE_EQ|INE415G01027. Forcing lookup starting from 2018-01-01.
2026-05-25 13:01:00,552 - INFO - FETCHING day | NSE_EQ|INE415G01027 | 2018-01-01 to 2019-01-01
2026-05-25 13:01:00,611 - WARNING - No data for NSE_EQ|INE415G01027 in window 2018-01-01 to 2019-01-01. Skipping...
2026-05-25 13:01:01,113 - INFO - FETCHING day | NSE_EQ|INE415G01027 | 2019-01-01 to 2020-01-01
2026-05-25 13:01:06,358 - INFO - SUCCESS: Upserted 176 rows for NSE_EQ|INE415G01027
2026-05-25 13:01:06,889 - INFO - FETCHING day | NSE_EQ|INE415G01027 | 2020-01-01 to 2020-12-31
2026-05-25 13:01:14,238 - INFO - SUCCESS: Upserted 252 rows for NSE_EQ|INE415G01027
2026-05-25 13:01:14,773 - INFO - FETCHING day | NSE_EQ|INE415G01027 | 2020-12-31 to 2021-12-31
2026-05-25 13:01:21,914 - INFO - SUCCESS: Upserted 249 rows for NSE_EQ|INE415G01027
2026-05-25 13:01:22,443 - INFO - FETCHING day | NSE_EQ|INE415G01027 | 2021-12-31 to 2022-12-31
2026-05-25 13:01:29,388 - INFO - SUCCESS: Upserted 249 rows for NSE_EQ|INE415G01027
2026-05-25 13:01:29,916 - INFO - FETCHING day | NSE_EQ|INE415G01027 | 2022-12-31 to 2023-12-31
2026-05-25 13:01:36,759 - INFO - SUCCESS: Upserted 246 rows for NSE_EQ|INE415G01027
2026-05-25 13:01:37,290 - INFO - FETCHING day | NSE_EQ|INE415G01027 | 2023-12-31 to 2024-12-30
2026-05-25 13:01:44,312 - INFO - SUCCESS: Upserted 248 rows for NSE_EQ|INE415G01027
2026-05-25 13:01:44,841 - INFO - FETCHING day | NSE_EQ|INE415G01027 | 2024-12-30 to 2025-12-30
2026-05-25 13:01:53,712 - INFO - SUCCESS: Upserted 250 rows for NSE_EQ|INE415G01027
2026-05-25 13:01:54,242 - INFO - FETCHING day | NSE_EQ|INE415G01027 | 2025-12-30 to 2026-05-25
2026-05-25 13:01:57,112 - INFO - SUCCESS: Upserted 97 rows for NSE_EQ|INE415G01027
2026-05-25 13:01:58,100 - INFO - ⏳ Backfill Gap Detected for BSE_EQ|INE062A01020. Forcing lookup starting from 2018-01-01.
2026-05-25 13:01:58,101 - INFO - FETCHING day | BSE_EQ|INE062A01020 | 2018-01-01 to 2019-01-01
2026-05-25 13:02:04,912 - INFO - SUCCESS: Upserted 247 rows for BSE_EQ|INE062A01020
2026-05-25 13:02:05,443 - INFO - FETCHING day | BSE_EQ|INE062A01020 | 2019-01-01 to 2020-01-01
2026-05-25 13:02:12,695 - INFO - SUCCESS: Upserted 246 rows for BSE_EQ|INE062A01020
2026-05-25 13:02:13,225 - INFO - FETCHING day | BSE_EQ|INE062A01020 | 2020-01-01 to 2020-12-31
2026-05-25 13:02:20,918 - INFO - SUCCESS: Upserted 252 rows for BSE_EQ|INE062A01020
2026-05-25 13:02:21,449 - INFO - FETCHING day | BSE_EQ|INE062A01020 | 2020-12-31 to 2021-12-31
2026-05-25 13:02:28,673 - INFO - SUCCESS: Upserted 249 rows for BSE_EQ|INE062A01020
2026-05-25 13:02:29,203 - INFO - FETCHING day | BSE_EQ|INE062A01020 | 2021-12-31 to 2022-12-31
2026-05-25 13:02:36,160 - INFO - SUCCESS: Upserted 249 rows for BSE_EQ|INE062A01020
2026-05-25 13:02:36,692 - INFO - FETCHING day | BSE_EQ|INE062A01020 | 2022-12-31 to 2023-12-31
2026-05-25 13:02:43,580 - INFO - SUCCESS: Upserted 246 rows for BSE_EQ|INE062A01020
2026-05-25 13:02:44,109 - INFO - FETCHING day | BSE_EQ|INE062A01020 | 2023-12-31 to 2024-12-30
2026-05-25 13:02:51,329 - INFO - SUCCESS: Upserted 248 rows for BSE_EQ|INE062A01020
2026-05-25 13:02:51,859 - INFO - FETCHING day | BSE_EQ|INE062A01020 | 2024-12-30 to 2025-12-30
2026-05-25 13:03:01,392 - INFO - SUCCESS: Upserted 250 rows for BSE_EQ|INE062A01020
2026-05-25 13:03:01,925 - INFO - FETCHING day | BSE_EQ|INE062A01020 | 2025-12-30 to 2026-05-25
2026-05-25 13:03:04,677 - INFO - SUCCESS: Upserted 97 rows for BSE_EQ|INE062A01020
2026-05-25 13:03:05,660 - INFO - ⏳ Backfill Gap Detected for NSE_EQ|INE002A01018. Forcing lookup starting from 2018-01-01.
2026-05-25 13:03:05,662 - INFO - FETCHING day | NSE_EQ|INE002A01018 | 2018-01-01 to 2019-01-01
2026-05-25 13:03:12,696 - INFO - SUCCESS: Upserted 247 rows for NSE_EQ|INE002A01018
2026-05-25 13:03:13,228 - INFO - FETCHING day | NSE_EQ|INE002A01018 | 2019-01-01 to 2020-01-01
2026-05-25 13:03:20,401 - INFO - SUCCESS: Upserted 246 rows for NSE_EQ|INE002A01018
2026-05-25 13:03:20,933 - INFO - FETCHING day | NSE_EQ|INE002A01018 | 2020-01-01 to 2020-12-31
2026-05-25 13:03:28,349 - INFO - SUCCESS: Upserted 252 rows for NSE_EQ|INE002A01018
2026-05-25 13:03:28,879 - INFO - FETCHING day | NSE_EQ|INE002A01018 | 2020-12-31 to 2021-12-31
2026-05-25 13:03:36,368 - INFO - SUCCESS: Upserted 249 rows for NSE_EQ|INE002A01018
2026-05-25 13:03:36,906 - INFO - FETCHING day | NSE_EQ|INE002A01018 | 2021-12-31 to 2022-12-31
2026-05-25 13:03:43,908 - INFO - SUCCESS: Upserted 249 rows for NSE_EQ|INE002A01018
2026-05-25 13:03:44,437 - INFO - FETCHING day | NSE_EQ|INE002A01018 | 2022-12-31 to 2023-12-31
2026-05-25 13:03:51,391 - INFO - SUCCESS: Upserted 246 rows for NSE_EQ|INE002A01018
2026-05-25 13:03:51,922 - INFO - FETCHING day | NSE_EQ|INE002A01018 | 2023-12-31 to 2024-12-30
2026-05-25 13:03:59,004 - INFO - SUCCESS: Upserted 248 rows for NSE_EQ|INE002A01018
2026-05-25 13:03:59,538 - INFO - FETCHING day | NSE_EQ|INE002A01018 | 2024-12-30 to 2025-12-30
2026-05-25 13:04:07,330 - INFO - SUCCESS: Upserted 250 rows for NSE_EQ|INE002A01018
2026-05-25 13:04:07,862 - INFO - FETCHING day | NSE_EQ|INE002A01018 | 2025-12-30 to 2026-05-25
2026-05-25 13:04:10,672 - INFO - SUCCESS: Upserted 97 rows for NSE_EQ|INE002A01018
2026-05-25 13:04:11,659 - INFO - ⏳ Backfill Gap Detected for BSE_EQ|INE397D01024. Forcing lookup starting from 2018-01-01.
2026-05-25 13:04:11,660 - INFO - FETCHING day | BSE_EQ|INE397D01024 | 2018-01-01 to 2019-01-01
2026-05-25 13:04:18,990 - INFO - SUCCESS: Upserted 247 rows for BSE_EQ|INE397D01024
2026-05-25 13:04:19,526 - INFO - FETCHING day | BSE_EQ|INE397D01024 | 2019-01-01 to 2020-01-01
2026-05-25 13:04:29,598 - INFO - SUCCESS: Upserted 246 rows for BSE_EQ|INE397D01024
2026-05-25 13:04:30,138 - INFO - FETCHING day | BSE_EQ|INE397D01024 | 2020-01-01 to 2020-12-31
2026-05-25 13:04:39,207 - INFO - SUCCESS: Upserted 252 rows for BSE_EQ|INE397D01024
2026-05-25 13:04:39,744 - INFO - FETCHING day | BSE_EQ|INE397D01024 | 2020-12-31 to 2021-12-31
2026-05-25 13:04:48,614 - INFO - SUCCESS: Upserted 249 rows for BSE_EQ|INE397D01024
2026-05-25 13:04:49,151 - INFO - FETCHING day | BSE_EQ|INE397D01024 | 2021-12-31 to 2022-12-31
2026-05-25 13:04:57,639 - INFO - SUCCESS: Upserted 249 rows for BSE_EQ|INE397D01024
2026-05-25 13:04:58,167 - INFO - FETCHING day | BSE_EQ|INE397D01024 | 2022-12-31 to 2023-12-31
2026-05-25 13:05:06,048 - INFO - SUCCESS: Upserted 246 rows for BSE_EQ|INE397D01024
2026-05-25 13:05:06,623 - INFO - FETCHING day | BSE_EQ|INE397D01024 | 2023-12-31 to 2024-12-30
2026-05-25 13:05:14,823 - INFO - SUCCESS: Upserted 248 rows for BSE_EQ|INE397D01024
2026-05-25 13:05:15,362 - INFO - FETCHING day | BSE_EQ|INE397D01024 | 2024-12-30 to 2025-12-30
2026-05-25 13:05:25,498 - INFO - SUCCESS: Upserted 250 rows for BSE_EQ|INE397D01024
2026-05-25 13:05:26,029 - INFO - FETCHING day | BSE_EQ|INE397D01024 | 2025-12-30 to 2026-05-25
2026-05-25 13:05:29,476 - INFO - SUCCESS: Upserted 97 rows for BSE_EQ|INE397D01024
2026-05-25 13:05:30,539 - INFO - ⏳ Backfill Gap Detected for BSE_EQ|INE031A01017. Forcing lookup starting from 2018-01-01.
2026-05-25 13:05:30,540 - INFO - FETCHING day | BSE_EQ|INE031A01017 | 2018-01-01 to 2019-01-01
2026-05-25 13:05:38,428 - INFO - SUCCESS: Upserted 247 rows for BSE_EQ|INE031A01017
2026-05-25 13:05:38,966 - INFO - FETCHING day | BSE_EQ|INE031A01017 | 2019-01-01 to 2020-01-01
2026-05-25 13:05:46,931 - INFO - SUCCESS: Upserted 246 rows for BSE_EQ|INE031A01017
2026-05-25 13:05:47,467 - INFO - FETCHING day | BSE_EQ|INE031A01017 | 2020-01-01 to 2020-12-31
2026-05-25 13:05:55,676 - INFO - SUCCESS: Upserted 252 rows for BSE_EQ|INE031A01017
2026-05-25 13:05:56,213 - INFO - FETCHING day | BSE_EQ|INE031A01017 | 2020-12-31 to 2021-12-31
2026-05-25 13:06:04,396 - INFO - SUCCESS: Upserted 249 rows for BSE_EQ|INE031A01017
2026-05-25 13:06:04,930 - INFO - FETCHING day | BSE_EQ|INE031A01017 | 2021-12-31 to 2022-12-31
2026-05-25 13:06:12,700 - INFO - SUCCESS: Upserted 249 rows for BSE_EQ|INE031A01017
2026-05-25 13:06:13,234 - INFO - FETCHING day | BSE_EQ|INE031A01017 | 2022-12-31 to 2023-12-31
2026-05-25 13:06:21,252 - INFO - SUCCESS: Upserted 246 rows for BSE_EQ|INE031A01017
2026-05-25 13:06:21,784 - INFO - FETCHING day | BSE_EQ|INE031A01017 | 2023-12-31 to 2024-12-30
2026-05-25 13:06:30,196 - INFO - SUCCESS: Upserted 248 rows for BSE_EQ|INE031A01017
2026-05-25 13:06:30,732 - INFO - FETCHING day | BSE_EQ|INE031A01017 | 2024-12-30 to 2025-12-30
2026-05-25 13:06:39,308 - INFO - SUCCESS: Upserted 250 rows for BSE_EQ|INE031A01017
2026-05-25 13:06:39,840 - INFO - FETCHING day | BSE_EQ|INE031A01017 | 2025-12-30 to 2026-05-25
2026-05-25 13:06:42,892 - INFO - SUCCESS: Upserted 97 rows for BSE_EQ|INE031A01017
2026-05-25 13:06:43,917 - INFO - ⏳ Backfill Gap Detected for NSE_EQ|INE154A01025. Forcing lookup starting from 2018-01-01.
2026-05-25 13:06:43,918 - INFO - FETCHING day | NSE_EQ|INE154A01025 | 2018-01-01 to 2019-01-01
2026-05-25 13:06:52,260 - INFO - SUCCESS: Upserted 246 rows for NSE_EQ|INE154A01025
2026-05-25 13:06:52,789 - INFO - FETCHING day | NSE_EQ|INE154A01025 | 2019-01-01 to 2020-01-01
2026-05-25 13:07:00,529 - INFO - SUCCESS: Upserted 246 rows for NSE_EQ|INE154A01025
2026-05-25 13:07:01,059 - INFO - FETCHING day | NSE_EQ|INE154A01025 | 2020-01-01 to 2020-12-31
2026-05-25 13:07:09,624 - INFO - SUCCESS: Upserted 252 rows for NSE_EQ|INE154A01025
2026-05-25 13:07:10,154 - INFO - FETCHING day | NSE_EQ|INE154A01025 | 2020-12-31 to 2021-12-31
2026-05-25 13:07:18,355 - INFO - SUCCESS: Upserted 249 rows for NSE_EQ|INE154A01025
2026-05-25 13:07:18,890 - INFO - FETCHING day | NSE_EQ|INE154A01025 | 2021-12-31 to 2022-12-31
2026-05-25 13:07:27,640 - INFO - SUCCESS: Upserted 249 rows for NSE_EQ|INE154A01025
2026-05-25 13:07:28,173 - INFO - FETCHING day | NSE_EQ|INE154A01025 | 2022-12-31 to 2023-12-31
2026-05-25 13:07:37,292 - INFO - SUCCESS: Upserted 246 rows for NSE_EQ|INE154A01025
2026-05-25 13:07:37,825 - INFO - FETCHING day | NSE_EQ|INE154A01025 | 2023-12-31 to 2024-12-30
2026-05-25 13:07:46,965 - INFO - SUCCESS: Upserted 248 rows for NSE_EQ|INE154A01025
2026-05-25 13:07:47,495 - INFO - FETCHING day | NSE_EQ|INE154A01025 | 2024-12-30 to 2025-12-30
2026-05-25 13:07:56,082 - INFO - SUCCESS: Upserted 250 rows for NSE_EQ|INE154A01025
2026-05-25 13:07:56,612 - INFO - FETCHING day | NSE_EQ|INE154A01025 | 2025-12-30 to 2026-05-25
2026-05-25 13:07:59,687 - INFO - SUCCESS: Upserted 97 rows for NSE_EQ|INE154A01025
2026-05-25 13:08:00,780 - INFO - ⏳ Backfill Gap Detected for NSE_EQ|INE455K01017. Forcing lookup starting from 2018-01-01.
2026-05-25 13:08:00,781 - INFO - FETCHING day | NSE_EQ|INE455K01017 | 2018-01-01 to 2019-01-01
2026-05-25 13:08:00,859 - WARNING - No data for NSE_EQ|INE455K01017 in window 2018-01-01 to 2019-01-01. Skipping...
2026-05-25 13:08:01,361 - INFO - FETCHING day | NSE_EQ|INE455K01017 | 2019-01-01 to 2020-01-01
2026-05-25 13:08:07,079 - INFO - SUCCESS: Upserted 173 rows for NSE_EQ|INE455K01017
2026-05-25 13:08:07,609 - INFO - FETCHING day | NSE_EQ|INE455K01017 | 2020-01-01 to 2020-12-31
2026-05-25 13:08:16,358 - INFO - SUCCESS: Upserted 252 rows for NSE_EQ|INE455K01017
2026-05-25 13:08:16,892 - INFO - FETCHING day | NSE_EQ|INE455K01017 | 2020-12-31 to 2021-12-31
2026-05-25 13:08:25,088 - INFO - SUCCESS: Upserted 249 rows for NSE_EQ|INE455K01017
2026-05-25 13:08:25,623 - INFO - FETCHING day | NSE_EQ|INE455K01017 | 2021-12-31 to 2022-12-31
2026-05-25 13:08:34,536 - INFO - SUCCESS: Upserted 249 rows for NSE_EQ|INE455K01017
2026-05-25 13:08:35,066 - INFO - FETCHING day | NSE_EQ|INE455K01017 | 2022-12-31 to 2023-12-31
2026-05-25 13:08:41,968 - INFO - SUCCESS: Upserted 246 rows for NSE_EQ|INE455K01017
2026-05-25 13:08:42,501 - INFO - FETCHING day | NSE_EQ|INE455K01017 | 2023-12-31 to 2024-12-30
2026-05-25 13:08:49,734 - INFO - SUCCESS: Upserted 248 rows for NSE_EQ|INE455K01017
2026-05-25 13:08:50,277 - INFO - FETCHING day | NSE_EQ|INE455K01017 | 2024-12-30 to 2025-12-30
2026-05-25 13:08:57,349 - INFO - SUCCESS: Upserted 250 rows for NSE_EQ|INE455K01017
2026-05-25 13:08:57,878 - INFO - FETCHING day | NSE_EQ|INE455K01017 | 2025-12-30 to 2026-05-25
2026-05-25 13:09:00,746 - INFO - SUCCESS: Upserted 97 rows for NSE_EQ|INE455K01017
